"","mRNA","logFC","FDR","Delta","Primary Tumor","Solid Tissue Normal","start","end"
"ENSG00000183034","ENSG00000183034",2.96719638020217,7.50572487265746e-37,3.90528706659134,1.31615389282905,11.9053681367305,74922950,74933912
"ENSG00000110887","ENSG00000110887",2.27592142137134,3.84252344653208e-17,3.00017969931442,1.31822639883001,7.33460099347141,108858932,108901043
"ENSG00000125851","ENSG00000125851",2.48647087660585,1.91574586600036e-19,2.89262186707349,1.16334435858025,7.5777728034982,17226107,17484578
"ENSG00000034971","ENSG00000034971",2.73422479480018,1.33734156700074e-21,2.63531256436874,0.96382439709436,7.5998354329728,171635417,171652688
"ENSG00000204933","ENSG00000204933",2.60066787750491,1.86108374659967e-19,2.6198094334903,1.00736024624711,7.19926743761691,43372742,43379123
"ENSG00000108231","ENSG00000108231",2.24621628597844,7.31392020814512e-15,2.60830865611992,1.16120102609965,6.38458715734913,93757840,93806272
"ENSG00000167916","ENSG00000167916",2.47285691881749,1.22102793870855e-17,2.58723777492064,1.04625453872109,6.80920135210345,40697991,40703752
"ENSG00000257277","ENSG00000257277",2.00662804271662,6.31749242858421e-12,2.55964631240934,1.2755958044641,5.88021794697309,143674315,143741294
"ENSG00000013293","ENSG00000013293",2.04120340216624,3.30814250781888e-12,2.54033854230803,1.24452983941339,5.88903398580253,170459548,170586075
"ENSG00000226629","ENSG00000226629",2.27373542744074,9.80528401282269e-15,2.51230593935969,1.10492448199546,6.2185619305528,41549606,41554495
"ENSG00000109132","ENSG00000109132",2.2583937941668,3.00658056483631e-14,2.44991897481988,1.08480592762333,6.04832017983742,41744082,41748725
"ENSG00000162992","ENSG00000162992",2.28929482115324,2.28709125265534e-14,2.40016528924718,1.04842996501346,5.99162322793575,181673088,181680547
"ENSG00000178233","ENSG00000178233",2.0484938331589,1.05774287985316e-11,2.39362380236292,1.16847986731393,5.58257844636522,44270450,44307506
"ENSG00000015592","ENSG00000015592",2.11365566024435,2.85125108178181e-12,2.37744766094819,1.12480367813239,5.64402840314858,27235323,27258420
"ENSG00000147588","ENSG00000147588",2.14306329727943,2.97776563178594e-12,2.30322171589471,1.07473340559684,5.52604916112441,81440326,81447439
"ENSG00000265489","ENSG00000265489",2.14392530119905,5.55163038621336e-12,2.2387050785236,1.04420852595542,5.38493786221427,12760140,12790242
"ENSG00000182938","ENSG00000182938",2.78452461746714,2.11730175109014e-19,2.18711652969505,0.785454190627517,6.55778082879829,74935898,74949992
"ENSG00000113396","ENSG00000113396",2.05175302027681,1.03991169711106e-10,2.14311725278568,1.04452983941339,5.04508469051371,128538013,129033642
"ENSG00000224958","ENSG00000224958",2.42122384032258,1.63426175120571e-14,2.13632705124022,0.882333560269089,5.62490120151931,68353614,68357893
"ENSG00000165462","ENSG00000165462",2.07347019065139,9.51480052491095e-11,2.10811823414746,1.01671017198717,4.99815514814542,72239077,72245664
"ENSG00000185149","ENSG00000185149",2.52414824598359,3.44865074787199e-15,2.05045908923184,0.812337029924657,5.61916922189399,155208636,155217078
"ENSG00000179520","ENSG00000179520",2.89521677406846,2.11730175109014e-19,1.97769045561353,0.683088904888599,6.27540240709464,100357074,100422055
"ENSG00000165553","ENSG00000165553",2.14461413413082,8.07199156499348e-11,1.97673026561512,0.921718380083446,4.80747997272717,77265483,77271312
"ENSG00000166091","ENSG00000166091",2.25288593092763,9.51019471573548e-12,1.95323520579471,0.866992500144231,4.91286203754853,23376773,23379772
"ENSG00000256193","ENSG00000256193",2.00629582234498,1.81087643234156e-09,1.92748040906329,0.960715956040038,4.52395014694376,127914707,127960028
"ENSG00000172689","ENSG00000172689",2.83321423060237,3.54971663397137e-18,1.92123691175912,0.678112121211054,5.96799287136038,60785333,60801305
"ENSG00000243832","ENSG00000243832",2.03397150422938,1.28675965586826e-09,1.90734533722141,0.937744375108173,4.51331842825556,134055256,134057648
"ENSG00000216560","ENSG00000216560",2.31507715505527,6.99922305852722e-12,1.86095342573843,0.803840779852542,4.79838628030347,3576869,3590711
"ENSG00000198049","ENSG00000198049",2.28344652874711,1.36773814238773e-11,1.86091849854567,0.814960400919364,4.74950318719017,206106936,206117699
"ENSG00000154080","ENSG00000154080",2.12432800834742,3.93827022708724e-10,1.85006159713184,0.870892625744295,4.50120775316194,26906481,27185308
"ENSG00000214888","ENSG00000214888",2.86613334587237,6.63743313397076e-18,1.82786041964007,0.637744375108173,5.79348794308382,87857015,87859599
"ENSG00000070748","ENSG00000070748",3.0068386886939,1.86108374659967e-19,1.80068743296481,0.598863996174996,6.06552094324904,49609095,49667942
"ENSG00000187848","ENSG00000187848",2.47415503189297,4.2786227381314e-13,1.79275456298689,0.724592654816484,4.9012066364105,132618776,132622388
"ENSG00000283286","ENSG00000283286",2.15409629784442,4.0040182891659e-10,1.79061971307973,0.831262611087344,4.40882678795287,40415137,40431491
"ENSG00000177511","ENSG00000177511",2.15400946591028,4.47037399731874e-10,1.78064743732013,0.826666486615292,4.3866450242165,57352557,57371731
"ENSG00000164122","ENSG00000164122",2.52297615105356,1.8848765433545e-13,1.76537099853047,0.699717671842943,4.92122417231012,176213673,176277571
"ENSG00000280323","ENSG00000280323",2.19024797677868,2.82715139127682e-10,1.75615984050835,0.801808680627674,4.38001038183088,219427477,219429319
"ENSG00000184601","ENSG00000184601",2.13059463804228,1.28675965586826e-09,1.71857375546527,0.806616953210963,4.21991059606112,104579764,104590515
"ENSG00000218274","ENSG00000218274",2.07428659949304,5.43798634678075e-09,1.67469653975379,0.807360246247111,4.05678501461957,63395007,63397106
"ENSG00000131482","ENSG00000131482",2.39710176033017,1.18447776776281e-11,1.66681159637262,0.695344529780426,4.47457488997226,42900797,42914438
"ENSG00000081800","ENSG00000081800",2.03643962941831,1.13383799246864e-08,1.66603343927499,0.818110890795654,3.9956327380387,123113531,123199972
"ENSG00000261761","ENSG00000261761",2.26864541426392,3.5344544192735e-10,1.59562474757259,0.703338096619345,4.12362510117988,37001772,37023499
"ENSG00000262543","ENSG00000262543",2.2191719532033,1.24690681965332e-09,1.56546208877825,0.705426222838908,3.99066836198112,138377905,138383486
"ENSG00000245870","ENSG00000245870",2.7779472379814,3.45480779102325e-14,1.45729071651278,0.524592654816484,4.61108950949991,41872747,41882955
"ENSG00000279668","ENSG00000279668",2.25556609560833,2.25455251915008e-09,1.4514979149803,0.64351823597917,3.77929990978719,33827699,34079100
"ENSG00000187714","ENSG00000187714",2.247276588339,2.63516959692243e-09,1.45026765318819,0.645344529780426,3.76619304902717,49610310,49612720
"ENSG00000162040","ENSG00000162040",2.85807223409252,9.74971302795205e-15,1.41573044687505,0.495344529780426,4.65468532338238,1911475,1918415
"ENSG00000172995","ENSG00000172995",2.4658559937699,1.72574980490453e-10,1.34474107742869,0.545344529780426,3.81174792489729,35638945,35794496
"ENSG00000040731","ENSG00000040731",2.49140748359441,1.42845105179586e-10,1.324102931453,0.53146783100398,3.79859410341529,24487100,24644978
"ENSG00000204071","ENSG00000204071",2.27553002171862,7.1608129692289e-09,1.31551148773518,0.578112121211054,3.49458814996829,102140476,102142970
"ENSG00000153820","ENSG00000153820",2.02322578385123,3.57185472473626e-07,1.312798367274,0.648863996174996,3.22118243816771,227979955,228181687
"ENSG00000259237","ENSG00000259237",3.21354209766589,8.70090213138189e-18,1.28541683906635,0.4,5.04407511350185,53116365,53129698
"ENSG00000255986","ENSG00000255986",2.14104539543593,1.08114548525031e-07,1.26261898912527,0.589720793317505,3.22688665201182,56635739,56637086
"ENSG00000285294","ENSG00000285294",2.31610384561493,8.17921814417474e-09,1.24547181514584,0.537744375108173,3.38264675630072,46398362,46453306
"ENSG00000262198","ENSG00000262198",2.36074998892259,6.59253604116087e-09,1.20043251672493,0.508496250072116,3.33212719142548,22918591,22924602
"ENSG00000139144","ENSG00000139144",2.22820989852518,6.55058257952579e-08,1.18422188179078,0.53146783100398,3.14357701830669,18242961,18648416
"ENSG00000147256","ENSG00000147256",2.36887285836548,8.42742323897069e-09,1.16908195431947,0.49351823597917,3.26880860445764,131058346,131089885
"ENSG00000108849","ENSG00000108849",2.54888271400268,4.51340288019598e-10,1.15678691867564,0.453840779852542,3.47170983921641,43940804,43942476
"ENSG00000224893","ENSG00000224893",2.00411667990443,2.32770641058736e-06,1.13631912691977,0.566992500144231,2.82534673665198,152754903,152875991
"ENSG00000234685","ENSG00000234685",2.3476990383645,2.00591240066795e-08,1.12513036228514,0.479248125036058,3.14150440173796,22915651,22916523
"ENSG00000197953","ENSG00000197953",2.93472323140395,3.65705526780468e-13,1.11627045003622,0.380366515687481,3.97415458143038,151733916,151761339
"ENSG00000241119","ENSG00000241119",2.02221716278497,2.46521250507727e-06,1.10461716724997,0.546240625180289,2.77236667653283,233671898,233773300
"ENSG00000250961","ENSG00000250961",2.61349966674933,3.26972838662893e-10,1.09666593938434,0.419615871138938,3.41233216977711,57395060,57534504
"ENSG00000184672","ENSG00000184672",2.48258849400753,3.92957363625512e-09,1.07998057685316,0.435021985907055,3.19733332960535,84182787,84921844
"ENSG00000186675","ENSG00000186675",2.69400286796806,1.65078646977076e-10,1.0445844585799,0.387744375108173,3.39468221980929,75782987,75785254
"ENSG00000204687","ENSG00000204687",2.82706808603276,1.48751199666554e-11,1.03497946226414,0.366096404744368,3.57063979499875,29486697,29487956
"ENSG00000235140","ENSG00000235140",2.70614019147844,1.72574980490453e-10,1.02629859370292,0.379248125036058,3.36507173143702,59578467,59650345
"ENSG00000165192","ENSG00000165192",2.04001325078929,4.11377722803238e-06,1.02453485498206,0.502219705967923,2.61448625737985,15281697,15315640
"ENSG00000248767","ENSG00000248767",2.09095423247591,2.94222392893793e-06,0.994018172221762,0.475389732009935,2.59067574317968,290170,294422
"ENSG00000182521","ENSG00000182521",2.20153901644445,9.94199605459183e-07,0.963711321029738,0.437744375108173,2.62190691615276,55413541,55456726
"ENSG00000250538","ENSG00000250538",2.8214962809725,9.00411547270125e-11,0.937280776538275,0.332192809488736,3.29969155483504,155206529,155209027
"ENSG00000156920","ENSG00000156920",2.09190819487425,5.28183920700764e-06,0.931619871390091,0.445344529780426,2.45529060958971,136300963,136416890
"ENSG00000271820","ENSG00000271820",2.2077122890002,1.76597115907421e-06,0.901842191294708,0.408496250072116,2.48899807082057,170266669,170276762
"ENSG00000171446","ENSG00000171446",2.22610387683912,1.7672043879382e-06,0.880077990431346,0.395344529780426,2.45668630666043,40776808,40782550
"ENSG00000254139","ENSG00000254139",2.14702185666584,4.76649778033366e-06,0.877050377270866,0.408496250072116,2.38113821069656,57746149,57750199
"ENSG00000137675","ENSG00000137675",3.1339363431117,4.86640553788351e-13,0.875145847796301,0.279248125036058,3.63106472611775,102691487,102705769
"ENSG00000254237","ENSG00000254237",2.04661488075074,1.71791197058656e-05,0.858792086072135,0.419615871138938,2.26156407213157,9367898,9436205
"ENSG00000287901","ENSG00000287901",2.5382188999721,3.26915010971748e-08,0.857269156258831,0.337744375108173,2.72291874141112,44296805,44310237
"ENSG00000203972","ENSG00000203972",2.49882908232551,7.01190764814192e-08,0.84396546691216,0.337744375108173,2.64609861161593,49499923,49528078
"ENSG00000259672","ENSG00000259672",2.29178512601817,1.48644826563646e-06,0.821596373648567,0.358496250072116,2.38389027887446,63091085,63110589
"ENSG00000184544","ENSG00000184544",3.4856965293531,5.52069396005045e-16,0.799089393798892,0.229248125036058,4.06947089310805,9771434,9791592
"ENSG00000214100","ENSG00000214100",2.5086918970977,1.21237230928403e-07,0.79298848928391,0.316096404744368,2.53318679974938,129922863,129934317
"ENSG00000101438","ENSG00000101438",2.09089095309266,1.96940789525552e-05,0.792966473615248,0.379248125036058,2.1518900856605,38724486,38729372
"ENSG00000281880","ENSG00000281880",2.34715567740043,1.30503622598854e-06,0.772796605951829,0.329248125036058,2.3228295673675,31812307,32002405
"ENSG00000152034","ENSG00000152034",2.53674083122203,1.2611123508194e-07,0.76102224936661,0.3,2.48541896428035,99918519,99994247
"ENSG00000163285","ENSG00000163285",2.4187883907695,7.30309350838749e-07,0.746187148270356,0.308496250072116,2.32880864815514,46035769,46124054
"ENSG00000172058","ENSG00000172058",2.24610724196833,6.272737845449e-06,0.739526598047985,0.329248125036058,2.15695658122033,70900669,70918530
"ENSG00000224223","ENSG00000224223",2.91036777727755,5.56128035178243e-10,0.734052105043459,0.252219705967923,2.87360903138737,54556970,54571726
"ENSG00000287018","ENSG00000287018",2.77452904763412,5.8687805142692e-09,0.728026366296375,0.262396375672179,2.67835076685218,76664144,76693051
"ENSG00000287000","ENSG00000287000",2.42611240016179,9.62562513368505e-07,0.716539026020245,0.295344529780426,2.26561546454845,97945208,97950018
"ENSG00000249797","ENSG00000249797",2.54270893533895,2.28828974004007e-07,0.710046702705832,0.279248125036058,2.36675146837346,117730515,118266267
"ENSG00000239268","ENSG00000239268",2.10089746122501,6.11722134848222e-05,0.664086134229795,0.316096404744368,1.87761874430199,117672154,117997592
"ENSG00000261292","ENSG00000261292",3.03499937989997,2.704802239924e-10,0.655852454397769,0.216096404744368,2.8274443189499,97759523,97761532
"ENSG00000203858","ENSG00000203858",3.613604803363,1.33090125477414e-15,0.64773188562411,0.179248125036058,3.80322622654425,119439001,119446086
"ENSG00000186732","ENSG00000186732",2.79224097614539,1.85701182126754e-08,0.640116008430183,0.229248125036058,2.46710283171815,43411196,43507848
"ENSG00000173452","ENSG00000173452",2.59847559837338,2.95172186380736e-07,0.637521773828827,0.245344529780426,2.24520251621606,19719315,19773617
"ENSG00000125255","ENSG00000125255",3.83507011942903,1.26064381039718e-17,0.607844232693122,0.158496250072116,4.13849970026512,103043998,103066417
"ENSG00000237179","ENSG00000237179",2.35655142965449,1.11153611684145e-05,0.578167002411971,0.245344529780426,1.87862104141208,66696190,66703252
"ENSG00000196767","ENSG00000196767",2.51754787742723,1.87376830409472e-06,0.577143130588699,0.229248125036058,2.01695668829009,83508290,83512127
"ENSG00000196341","ENSG00000196341",2.72609801011387,1.80370228103632e-07,0.557141215897347,0.204373142062517,2.17447449139353,124302831,124315099
"ENSG00000177992","ENSG00000177992",2.85581676427602,6.34265535909091e-08,0.511899800443018,0.179248125036058,2.19641061874976,87882877,87888903
"ENSG00000267774","ENSG00000267774",2.76727633576122,2.68805575294653e-07,0.496029094641851,0.179248125036058,2.05797053468535,59696459,59698111
"ENSG00000286765","ENSG00000286765",2.62970123604965,6.28897338748075e-06,0.394455185407447,0.15,1.66515651248486,8971624,8974580
"ENSG00000253762","ENSG00000253762",2.44208943713404,5.91958886315378e-05,0.366313415570106,0.15,1.44633852004107,63703077,63751677
"ENSG00000283365","ENSG00000283365",3.27443068406012,4.55261594223634e-09,0.327443068406012,0.1,2.15805677319119,49954985,49968730
"ENSG00000259135","ENSG00000259135",4.23522267864658,1.82962860317174e-12,0,0,2.30563184730663,34556774,34561298
"ENSG00000224931","ENSG00000224931",-2.0819718198948,0.0088141037411226,-0.812734646782046,0.39036774610288,0,153122145,153128323
"ENSG00000184330","ENSG00000184330",-2.17654265064088,0.00563165497628081,-0.925013854855554,0.42499229435416,0,153416520,153423222
"ENSG00000287806","ENSG00000287806",-2.2643659964625,0.00364949135395405,-1.03989597041142,0.459243767145414,0,131385453,131407083
"ENSG00000287536","ENSG00000287536",-2.33037626631533,0.00256216304016003,-1.13348574739588,0.48639602272816,0,182278684,182282752
"ENSG00000264596","ENSG00000264596",-2.3611965187058,0.00216577615246548,-1.17942993504847,0.499505198192875,0,7814118,7815730
"ENSG00000228411","ENSG00000228411",-2.36365034155864,0.00213883783601848,-1.18315203608512,0.500561362771163,0,12801973,12803830
"ENSG00000234886","ENSG00000234886",-2.05922420323943,0.00975439006976426,-1.18803583387381,0.576933697654133,0.05,102803041,102806138
"ENSG00000272383","ENSG00000272383",-2.37490414828384,0.00201584851688679,-1.20033883327155,0.505426222838908,0,63088162,63089197
"ENSG00000279439","ENSG00000279439",-2.07189702555064,0.00907958902245479,-1.20810016767027,0.583088904888599,0.05,25200976,25202837
"ENSG00000286947","ENSG00000286947",-2.07726457155916,0.00880768758452778,-1.21667935981967,0.585712275883306,0.05,48524308,48526051
"ENSG00000260062","ENSG00000260062",-2.09218072614569,0.0081047539172207,-1.24077687079313,0.59305434529977,0.05,62253730,62270680
"ENSG00000288615","ENSG00000288615",-2.09233819495595,0.00810363897608517,-1.24103246180658,0.59313186787794,0.05,170306557,170307606
"ENSG00000285612","ENSG00000285612",-2.09680310332117,0.00789189769699766,-1.24832025758888,0.595344529780426,0.05,71586269,71590354
"ENSG00000250250","ENSG00000250250",-2.1012674456107,0.00768163517148968,-1.25564227523924,0.597564235748349,0.05,15602189,15619109
"ENSG00000267978","ENSG00000267978",-2.10769452271025,0.00740316926388538,-1.26624122470029,0.600770752619334,0.05,149581653,149587453
"ENSG00000229775","ENSG00000229775",-2.11382039477952,0.00713501238370449,-1.27641095565187,0.603840779852541,0.05,106140143,106188722
"ENSG00000223492","ENSG00000223492",-2.12203344156603,0.00680225071595289,-1.29014922630683,0.607977801402938,0.05,53168643,53179550
"ENSG00000228166","ENSG00000228166",-2.12231503475312,0.00679543022592089,-1.29062129877859,0.608119566437845,0.05,5094139,5095014
"ENSG00000248572","ENSG00000248572",-2.43844851398485,0.00138700727242539,-1.30120798578723,0.533621267098575,0,38399814,38403471
"ENSG00000266127","ENSG00000266127",-2.13977260725398,0.00612644734553418,-1.32022365068977,0.616992500144231,0.05,9785108,9787805
"ENSG00000228680","ENSG00000228680",-2.45985495722318,0.00122320489153558,-1.33669143839693,0.543402542687258,0,43239066,43249268
"ENSG00000198092","ENSG00000198092",-2.15648452818824,0.00555816162548162,-1.34907005091838,0.625587632688369,0.05,68053198,68129869
"ENSG00000215887","ENSG00000215887",-2.48149441783114,0.00106919919086509,-1.37335557545157,0.553438913899271,0,49841821,49846400
"ENSG00000288542","ENSG00000288542",-2.17419358467513,0.00503059116234529,-1.3801887596849,0.634804908547793,0.05,40469955,40611127
"ENSG00000229695","ENSG00000229695",-2.17592520380613,0.00497789406402732,-1.38326236346344,0.635712275883306,0.05,43680465,43681622
"ENSG00000255345","ENSG00000255345",-2.49556258722699,0.000983541476544105,-1.39762717510285,0.560044930251922,0,79092848,79098003
"ENSG00000283599","ENSG00000283599",-2.21733925810669,0.00384437834440942,-1.4584347313227,0.657740905452605,0.05,71667542,71671524
"ENSG00000249175","ENSG00000249175",-2.21908575548651,0.00380686184840108,-1.46167596402746,0.658683856815171,0.05,94788789,94793599
"ENSG00000229794","ENSG00000229794",-2.53913490036484,0.000748928696433464,-1.47503240573388,0.58091927511293,0,102806741,102807824
"ENSG00000203395","ENSG00000203395",-2.00249808445038,0.00710079850222153,-1.47603015136669,0.737094413636763,0.1,68361214,68365584
"ENSG00000270874","ENSG00000270874",-2.01770559184815,0.00643136573388241,-1.50558153439412,0.746184944164754,0.1,86854696,86856236
"ENSG00000224007","ENSG00000224007",-2.24332171376134,0.003273933211465,-1.50726005039925,0.67188760361618,0.05,148295656,148296679
"ENSG00000235834","ENSG00000235834",-2.02000007262462,0.00634298118360573,-1.51007981050323,0.747564235748349,0.1,17528435,17587160
"ENSG00000286411","ENSG00000286411",-2.04535215616948,0.00539275267072184,-1.56051725539128,0.762957738443342,0.1,91030149,91033725
"ENSG00000206192","ENSG00000206192",-2.04960447677814,0.00526296113547957,-1.56910776677786,0.765566129736605,0.1,18816718,18871967
"ENSG00000275139","ENSG00000275139",-2.05046837712292,0.00523505166189632,-1.57085645175589,0.766096404744368,0.1,45759804,45763758
"ENSG00000231163","ENSG00000231163",-2.6043036406177,0.000492074833889842,-1.5973218423306,0.613339327034745,0,33868953,33893726
"ENSG00000237704","ENSG00000237704",-2.32568226262204,0.00190808178199863,-1.67089246916884,0.718452600350069,0.05,99340305,99341761
"ENSG00000227248","ENSG00000227248",-2.64559495584909,0.000371143665368044,-1.6790336240718,0.63465256476985,0,107788342,107835451
"ENSG00000233993","ENSG00000233993",-2.10281470576553,0.00368492230979768,-1.6798629590634,0.798863996174996,0.1,18674395,18698709
"ENSG00000227016","ENSG00000227016",-2.33095156412519,0.00184206261327184,-1.68183429731695,0.721522627583277,0.05,72765031,72791282
"ENSG00000152591","ENSG00000152591",-2.33814926254137,0.00175025119216233,-1.69687839808414,0.725735702706924,0.05,87608529,87616873
"ENSG00000259564","ENSG00000259564",-2.3382972782866,0.00174924543115422,-1.6971874591774,0.725821936730397,0.05,61834682,61935738
"ENSG00000286051","ENSG00000286051",-2.65963460755225,0.000335583828709454,-1.70758886767432,0.642038896179753,0,152769764,152792268
"ENSG00000187054","ENSG00000187054",-2.1250816999606,0.00314980743738329,-1.72804658334181,0.813167128291514,0.1,67909395,67964140
"ENSG00000268916","ENSG00000268916",-2.35341579876139,0.00157599739999309,-1.72914791852538,0.734739657749997,0.05,152753921,152760222
"ENSG00000286976","ENSG00000286976",-2.02924436874355,0.00388212156776922,-1.75451731479329,0.864616081640102,0.129248125036058,42649520,42657893
"ENSG00000288076","ENSG00000288076",-2.70084311657056,0.000251192197450574,-1.79373779331333,0.664139942934177,0,6572571,6576219
"ENSG00000263146","ENSG00000263146",-2.70360545261787,0.000246778369610901,-1.79963914739852,0.665644147764218,0,78976555,78979074
"ENSG00000233716","ENSG00000233716",-2.39337005527904,0.0011758536038564,-1.81599796869748,0.758761882514552,0.05,63232453,63233577
"ENSG00000256120","ENSG00000256120",-2.39366289417767,0.00117376300313185,-1.81664896318034,0.758941021978969,0.05,24223233,24260056
"ENSG00000280036","ENSG00000280036",-2.40265991527644,0.00109615017729166,-1.8366972833214,0.764443303708291,0.05,41016990,41018843
"ENSG00000259671","ENSG00000259671",-2.40633183753775,0.00106693797892517,-1.84493388383489,0.766699694138068,0.05,58154960,58156061
"ENSG00000258212","ENSG00000258212",-2.41389858215925,0.00101081383695741,-1.86199843004923,0.771365642206748,0.05,44008620,44010143
"ENSG00000228496","ENSG00000228496",-2.19035150323788,0.00197910192043174,-1.87578992859339,0.856387628113803,0.1,11681460,11683328
"ENSG00000249713","ENSG00000249713",-2.01681730638683,0.00309124458315734,-1.88486959962567,0.934576272058302,0.15,76606608,76608970
"ENSG00000240893","ENSG00000240893",-2.08885445105339,0.00251136938547764,-1.89288193379008,0.906181822690191,0.129248125036058,112736447,112749319
"ENSG00000286163","ENSG00000286163",-2.75808371144378,0.000169471770062743,-1.91936670694428,0.695905892551589,0,121093392,121298035
"ENSG00000227300","ENSG00000227300",-2.77097779520321,0.000153765111592068,-1.9486544948184,0.703237138237513,0,16829999,16832830
"ENSG00000237074","ENSG00000237074",-2.32374637249139,0.00107091414929555,-1.98457438844836,0.854040876380416,0.0792481250360578,207240122,207309292
"ENSG00000228714","ENSG00000228714",-2.23663653859321,0.00138376680380179,-1.98667804516284,0.888243579536805,0.1,115324932,115744330
"ENSG00000266965","ENSG00000266965",-2.06020690217695,0.00222124930310053,-1.99180273470842,0.966797428260115,0.15,35595901,35597599
"ENSG00000287695","ENSG00000287695",-2.23955571130078,0.00135315024180854,-1.9938477691418,0.890287193607581,0.1,154346042,154347834
"ENSG00000279324","ENSG00000279324",-2.80980139018244,0.000113285610368433,-2.03910390442647,0.725711045467906,0,49994318,49996218
"ENSG00000286076","ENSG00000286076",-2.03436839285495,0.00210621521061866,-2.05279491413803,1.00905761284328,0.166096404744368,106425278,106511544
"ENSG00000269506","ENSG00000269506",-2.49678347026384,0.00054016692413116,-2.05764505057106,0.824118340687999,0.05,54059597,54061210
"ENSG00000181211","ENSG00000181211",-2.81957951965615,0.00010535497062642,-2.06243171558613,0.73146783100398,0,43117896,43163187
"ENSG00000197641","ENSG00000197641",-2.03945323235786,0.00202540599774991,-2.0660627017677,1.01304735454957,0.166096404744368,63586989,63604639
"ENSG00000274238","ENSG00000274238",-2.08942714834028,0.00176974029181039,-2.06654267647319,0.989047489937483,0.15,89743792,89744305
"ENSG00000272477","ENSG00000272477",-2.82620326185602,0.00010022705934983,-2.07836027365792,0.735389524776441,0,18408680,18409635
"ENSG00000259379","ENSG00000259379",-2.27414077082131,0.00102644809952219,-2.08042294280892,0.914817134234645,0.1,58152606,58154407
"ENSG00000139797","ENSG00000139797",-2.17575529675696,0.00127519113259124,-2.11034596690826,0.96993718459691,0.129248125036058,98175785,98177269
"ENSG00000188771","ENSG00000188771",-2.29135778347518,0.000892466599895398,-2.1246574298671,0.927248221639462,0.1,112248153,112260860
"ENSG00000225017","ENSG00000225017",-2.0235393558894,0.00186637640146296,-2.12579921318568,1.05053514625187,0.179248125036058,99346052,99348256
"ENSG00000229105","ENSG00000229105",-2.53031961494881,0.000411784653674599,-2.14150555031372,0.846337963655649,0.05,116504283,116562293
"ENSG00000143536","ENSG00000143536",-2.85941847386881,7.74816940761485e-05,-2.1597992574285,0.755328147022244,0,152409243,152414263
"ENSG00000264230","ENSG00000264230",-2.53997520488437,0.000380471530264806,-2.16617184375416,0.85283188575566,0.05,46375627,46391784
"ENSG00000256463","ENSG00000256463",-2.3220106641879,0.000690550958344107,-2.2053366485672,0.949753023351636,0.1,78980275,79002677
"ENSG00000257893","ENSG00000257893",-2.3247792723048,0.000676697186485816,-2.212745091923,0.951808680627674,0.1,91876924,91880659
"ENSG00000280837","ENSG00000280837",-2.88167645991376,6.51547279738373e-05,-2.21586110050273,0.768948607287106,0,210617571,210619876
"ENSG00000225572","ENSG00000225572",-2.216852418878,0.00090231230040755,-2.22007477978565,1.00145357484341,0.129248125036058,111808516,111821773
"ENSG00000258162","ENSG00000258162",-2.36505536907192,0.000483395818143978,-2.32289372199516,0.982173082445294,0.1,81378042,81556637
"ENSG00000236065","ENSG00000236065",-2.46145251156313,0.000346389208604558,-2.34248275322822,0.951666848019197,0.0792481250360578,32987075,33032469
"ENSG00000232684","ENSG00000232684",-2.07762136833433,0.000815979396199117,-2.44548998337681,1.17706239483732,0.2,112745449,112754693
"ENSG00000164438","ENSG00000164438",-2.14051229823359,0.000666985337455697,-2.46042322522741,1.1494553090201,0.179248125036058,171309248,171312139
"ENSG00000159527","ENSG00000159527",-2.23253419965258,0.000516366621258629,-2.4664456755229,1.10477397206579,0.15,153297862,153310718
"ENSG00000287796","ENSG00000287796",-2.67007908305562,0.000126093198186735,-2.5224443504994,0.944707730384053,0.05,147879361,147885249
"ENSG00000287158","ENSG00000287158",-2.67328806350024,0.000122195101603177,-2.53182043823549,0.947081039564617,0.05,83953639,84051419
"ENSG00000270832","ENSG00000270832",-2.16480661305073,0.000533647892823536,-2.5350447756688,1.17102597543173,0.179248125036058,89458870,89459437
"ENSG00000232906","ENSG00000232906",-2.6878581014183,0.000107412117794534,-2.57474940473928,0.957918650311437,0.05,65355934,65357176
"ENSG00000255666","ENSG00000255666",-2.06434482778565,0.000555377571676373,-2.6410998085181,1.27938887581641,0.229248125036058,94638045,94652884
"ENSG00000223650","ENSG00000223650",-2.06841487273412,0.000533647892823536,-2.65449106109281,1.2833455686692,0.229248125036058,74105572,74107958
"ENSG00000269189","ENSG00000269189",-3.05427527216422,1.46811167320881e-05,-2.6939081951812,0.882012246811117,0,98233650,98234700
"ENSG00000221836","ENSG00000221836",-2.03266122216762,0.000532821393549341,-2.69988810612971,1.32825287199141,0.25,144048948,144058845
"ENSG00000117501","ENSG00000117501",-3.05646931268613,1.44309137546964e-05,-2.70050783517023,0.883538344049962,0,170935471,171064765
"ENSG00000278275","ENSG00000278275",-2.31915188091589,0.000225429280237984,-2.73800125969739,1.18060454868358,0.15,128009551,128011938
"ENSG00000243508","ENSG00000243508",-2.3972520871035,0.000175602881326535,-2.75905138223795,1.1509225070992,0.129248125036058,125344085,125344797
"ENSG00000102243","ENSG00000102243",-2.27523320234891,0.00024040280809324,-2.76290171297811,1.21433781386705,0.166096404744368,136532215,136556807
"ENSG00000260585","ENSG00000260585",-2.51498444037384,0.000121401085846673,-2.77391418578783,1.10295481008046,0.1,121871869,121876865
"ENSG00000287886","ENSG00000287886",-2.00352686199234,0.000441086699052676,-2.8225410911695,1.40878624824761,0.279248125036058,53738728,53741797
"ENSG00000152592","ENSG00000152592",-3.1082775189832,8.90816620856756e-06,-2.86041437217862,0.920257073156817,0,87650280,87664361
"ENSG00000198930","ENSG00000198930",-2.080475810317,0.000324056426555258,-2.8649806986496,1.3770795528803,0.25,152727484,152733735
"ENSG00000249509","ENSG00000249509",-2.55012994516688,8.65149295870724e-05,-2.88963037037926,1.13313063746254,0.1,112515385,112546881
"ENSG00000170423","ENSG00000170423",-2.27534322628702,0.000180370496237139,-2.89853111060804,1.27388741932265,0.179248125036058,52837804,52849092
"ENSG00000167580","ENSG00000167580",-2.23078485980859,0.000181288673914891,-2.9500316655582,1.32241872298314,0.2,49950737,49958878
"ENSG00000259600","ENSG00000259600",-3.14004851518872,6.59405225185136e-06,-2.96243577100105,0.943436305735871,0,58151033,58152513
"ENSG00000279712","ENSG00000279712",-2.57993240334864,6.43172417338133e-05,-2.99092038739407,1.15930184198314,0.1,47916728,47926264
"ENSG00000224821","ENSG00000224821",-2.1459014117174,0.000205837497471133,-2.99551860558658,1.39592554869015,0.237744375108173,110456396,110463287
"ENSG00000177803","ENSG00000177803",-2.05164727135195,0.000261724743163791,-2.9967638273317,1.46066230251994,0.279248125036058,163932526,163933182
"ENSG00000168267","ENSG00000168267",-2.86133398912707,1.99462814460713e-05,-3.13527221646936,1.09573794194709,0.05,23192312,23194245
"ENSG00000231990","ENSG00000231990",-2.62252716545468,4.13505971567714e-05,-3.14088642965433,1.19765639457533,0.1,93808347,93858340
"ENSG00000120211","ENSG00000120211",-2.51189896146082,5.45527164925645e-05,-3.15519709427949,1.25610032198291,0.129248125036058,5231419,5235304
"ENSG00000277128","ENSG00000277128",-2.1229210062031,0.000154335896990571,-3.15734159113358,1.48726287125519,0.266096404744368,19124807,19175530
"ENSG00000260695","ENSG00000260695",-3.19956445104708,3.67469146427827e-06,-3.16198011230145,0.9882532953092,0,65861112,65863784
"ENSG00000286954","ENSG00000286954",-2.29978461304228,8.59717976879467e-05,-3.20387069003357,1.39311771713931,0.2,22663507,22675493
"ENSG00000286370","ENSG00000286370",-3.21280852373484,3.19713243611121e-06,-3.20792688009955,0.998480568138678,0,117536387,117539464
"ENSG00000181355","ENSG00000181355",-2.52997303228863,4.49638505370231e-05,-3.22181098479703,1.27345665099148,0.129248125036058,9596110,10211608
"ENSG00000251574","ENSG00000251574",-2.30573474817737,8.033222888489e-05,-3.2265827589465,1.39937291637602,0.2,104383298,105392970
"ENSG00000225826","ENSG00000225826",-2.53274334593768,4.35181514619931e-05,-3.23212586229114,1.2761363552589,0.129248125036058,168784012,168792886
"ENSG00000183929","ENSG00000183929",-2.30901538848468,7.74232957256401e-05,-3.23916407712499,1.40283347321073,0.2,228650241,228651379
"ENSG00000260029","ENSG00000260029",-2.66436986985691,2.60548370597461e-05,-3.2943685259544,1.23645315285423,0.1,50551824,50553940
"ENSG00000169548","ENSG00000169548",-2.19695745754237,9.12161494163521e-05,-3.30208437617594,1.50302608948551,0.25,22513736,22520270
"ENSG00000180178","ENSG00000180178",-2.44467569590501,4.00238419771079e-05,-3.37540744177148,1.38071787903218,0.166096404744368,130012065,130040560
"ENSG00000222022","ENSG00000222022",-2.40780670996947,4.29102104946969e-05,-3.39018288138923,1.40799627617626,0.179248125036058,237421420,237425276
"ENSG00000213174","ENSG00000213174",-2.21537025935647,6.1818188301955e-05,-3.45757752950724,1.56072219300787,0.258496250072116,170653846,170654259
"ENSG00000286959","ENSG00000286959",-2.14797840439689,6.50966993999559e-05,-3.51509651726966,1.63646734533005,0.295344529780426,11781971,11811530
"ENSG00000284138","ENSG00000284138",-2.25057555428223,4.87902940793857e-05,-3.52104378322506,1.56450814393921,0.25,42952202,42952641
"ENSG00000205293","ENSG00000205293",-2.18528565565206,5.72095606421127e-05,-3.52736946740231,1.61414571055233,0.279248125036058,57855500,57984126
"ENSG00000134538","ENSG00000134538",-2.66590632986547,1.45119779280734e-05,-3.55439029181978,1.33327651163165,0.116096404744368,21131194,21239796
"ENSG00000261873","ENSG00000261873",-2.24118741544538,4.52676170991462e-05,-3.56591401257145,1.59108247172752,0.258496250072116,55448433,55511444
"ENSG00000163207","ENSG00000163207",-3.31282630509602,1.10928169490668e-06,-3.57395907971245,1.07882477092588,0,152908546,152911886
"ENSG00000253363","ENSG00000253363",-2.97970697534797,5.58364031573605e-06,-3.5749231477915,1.19975661277029,0.05,36378069,36779209
"ENSG00000262074","ENSG00000262074",-2.62161180791686,1.55708548767411e-05,-3.5782016337433,1.36488614482804,0.129248125036058,19063346,19064136
"ENSG00000227597","ENSG00000227597",-2.98594473884161,5.23705572703611e-06,-3.59949150236524,1.20547827143032,0.05,108276812,108277942
"ENSG00000249378","ENSG00000249378",-2.27696169485089,3.51548297714111e-05,-3.63315091390908,1.59561354155631,0.25,188400736,188681051
"ENSG00000225727","ENSG00000225727",-2.99479641000079,4.75436232592747e-06,-3.63460514854202,1.21364014475397,0.05,44437057,44464921
"ENSG00000206073","ENSG00000206073",-2.48200449587554,1.73619698856936e-05,-3.69489890894875,1.48867534893218,0.179248125036058,63637259,63644256
"ENSG00000183242","ENSG00000183242",-2.42124984086469,2.04015537277904e-05,-3.69504963821056,1.52609184556145,0.2,32435518,32458769
"ENSG00000170465","ENSG00000170465",-2.18167490173372,3.90384671274115e-05,-3.70385974965792,1.69771387419572,0.3,52468516,52473805
"ENSG00000227674","ENSG00000227674",-2.78436272237517,6.50143293155205e-06,-3.77047101366605,1.35415942160355,0.1,63851197,64076044
"ENSG00000286048","ENSG00000286048",-2.28973571162703,2.42564798321306e-05,-3.77730024722306,1.649666478119,0.258496250072116,53024924,53035884
"ENSG00000269729","ENSG00000269729",-3.36729644347754,5.97161300622337e-07,-3.78813798957031,1.1249790605481,0,46163893,46180647
"ENSG00000225496","ENSG00000225496",-2.29341901724889,2.30270899452183e-05,-3.79375571939224,1.65419214319724,0.258496250072116,111940302,111941036
"ENSG00000248458","ENSG00000248458",-2.60037304498766,9.98551098374112e-06,-3.79831200879537,1.46067965752714,0.15,66665864,66677027
"ENSG00000287937","ENSG00000287937",-2.10583261147227,3.88805853645601e-05,-3.80215798359184,1.8055366617832,0.35,112817076,112824457
"ENSG00000057149","ENSG00000057149",-2.37023198327718,1.77525382933697e-05,-3.81622306752099,1.61006310540309,0.229248125036058,63655197,63661893
"ENSG00000249650","ENSG00000249650",-2.1498815674661,3.2343540694848e-05,-3.82521869550625,1.77926949716339,0.329248125036058,602620,612210
"ENSG00000136695","ENSG00000136695",-2.62137535897902,7.72123739815927e-06,-3.88977597822505,1.48386836890847,0.15,113058638,113065382
"ENSG00000228437","ENSG00000228437",-2.62514724843713,7.35551859710332e-06,-3.90639885341542,1.48806847148901,0.15,221966341,221984964
"ENSG00000288571","ENSG00000288571",-2.06501673787142,3.33064729821086e-05,-3.92201755546694,1.8992667146658,0.387744375108173,36764896,36777347
"ENSG00000225087","ENSG00000225087",-2.70342583779359,5.77294606295074e-06,-3.92420852410664,1.45156877220253,0.129248125036058,72636547,72899240
"ENSG00000204544","ENSG00000204544",-3.07472694231624,1.81187818144485e-06,-3.9653352036673,1.28965442397306,0.05,30983718,30989903
"ENSG00000135477","ENSG00000135477",-2.05992609799136,2.84787500732403e-05,-3.99597696685952,1.93986423627333,0.4,52250466,52258867
"ENSG00000248515","ENSG00000248515",-3.41915560635115,3.23101451219823e-07,-4.00236748468792,1.17057190297319,0,19455418,19938448
"ENSG00000163209","ENSG00000163209",-2.65400504380698,5.15874483913656e-06,-4.03560688772056,1.52057242586539,0.15,153001747,153003856
"ENSG00000287481","ENSG00000287481",-2.16594377838307,1.69232552065267e-05,-4.08819949111302,1.8874910475123,0.35,24861172,24865978
"ENSG00000213401","ENSG00000213401",-2.74060071056836,3.58062597332931e-06,-4.09064185376907,1.49260774763528,0.129248125036058,152733757,152737669
"ENSG00000227964","ENSG00000227964",-2.37985193632183,9.03695304560267e-06,-4.09926909775603,1.72248913270278,0.25,51831797,51862912
"ENSG00000283689","ENSG00000283689",-2.49376391788833,6.28897338748075e-06,-4.12882418005361,1.65565960371654,0.208496250072116,54285604,54289568
"ENSG00000253563","ENSG00000253563",-3.45056025008691,2.2555992366015e-07,-4.13718504559024,1.19898936570838,0,36519278,36523016
"ENSG00000167798","ENSG00000167798",-2.7721630663182,2.36192494696192e-06,-4.23667576997672,1.52829240871591,0.129248125036058,10037803,10074135
"ENSG00000225366","ENSG00000225366",-2.02996235214615,1.79136324891874e-05,-4.23889345947926,2.08816358342692,0.45,110520312,110523021
"ENSG00000226235","ENSG00000226235",-2.18177649984633,1.11922289740021e-05,-4.24495865564442,1.94564322053309,0.358496250072116,205373252,205387440
"ENSG00000254270","ENSG00000254270",-2.01929791137653,1.8088526210196e-05,-4.24871207098381,2.10405411061289,0.458496250072116,139534240,139534549
"ENSG00000244342","ENSG00000244342",-2.20014222651254,1.03453906606682e-05,-4.25873462557323,1.93566332860388,0.35,62950430,63125062
"ENSG00000203783","ENSG00000203783",-2.77867913057476,2.15485332701551e-06,-4.26737795898699,1.53575773180558,0.129248125036058,153217584,153219310
"ENSG00000286266","ENSG00000286266",-2.15672148521907,1.05412131523017e-05,-4.30581447493859,1.99646292043185,0.379248125036058,127578473,127636867
"ENSG00000174325","ENSG00000174325",-2.65862088686852,2.69808501889475e-06,-4.30890355344591,1.62072884281037,0.166096404744368,188734155,188790104
"ENSG00000286500","ENSG00000286500",-2.55673403162211,3.44499930397925e-06,-4.31637168544882,1.68823648923322,0.2,14779930,14784117
"ENSG00000281327","ENSG00000281327",-2.56205710631394,3.19300466196522e-06,-4.34249016136742,1.69492325158006,0.2,82848260,82859958
"ENSG00000237170","ENSG00000237170",-2.32273437251463,5.64555183016999e-06,-4.37717259825021,1.88449124878253,0.3,4507078,4507777
"ENSG00000286540","ENSG00000286540",-2.32757662411331,5.2785737311239e-06,-4.40198927735331,1.89123280915843,0.3,120462511,120706789
"ENSG00000262172","ENSG00000262172",-2.07276818751426,9.45463547532066e-06,-4.46616163822429,2.15468457357032,0.45,79991944,79992841
"ENSG00000270975","ENSG00000270975",-2.1875053648235,6.70515696219097e-06,-4.46715747917902,2.04212412504847,0.379248125036058,68861762,68862525
"ENSG00000184995","ENSG00000184995",-2.82214831251523,1.18397374827089e-06,-4.47713228523424,1.58642700150794,0.129248125036058,21480839,21482313
"ENSG00000205899","ENSG00000205899",-2.53718143033568,1.77943595765909e-06,-4.62375440224108,1.82239801496156,0.229248125036058,1270444,1271815
"ENSG00000213816","ENSG00000213816",-2.49100057263854,1.85131265676706e-06,-4.6584380517079,1.87010717816638,0.25,42972386,42973289
"ENSG00000189001","ENSG00000189001",-2.07227160849241,5.958910625282e-06,-4.67648186534103,2.25669349817672,0.476178097802851,35523367,35528351
"ENSG00000163216","ENSG00000163216",-2.70553713068869,8.35051341925059e-07,-4.75739214762573,1.7583910025344,0.179248125036058,153039732,153041931
"ENSG00000279774","ENSG00000279774",-2.04781163773283,4.97899079898901e-06,-4.79493135945704,2.34149043354671,0.508496250072116,244064330,244067909
"ENSG00000089116","ENSG00000089116",-2.1093635789242,3.89307374712964e-06,-4.81272511292144,2.28160055526131,0.466992500144231,113462033,113472280
"ENSG00000242634","ENSG00000242634",-2.50184601245984,1.20340349641606e-06,-4.8287167992221,1.93006155261908,0.258496250072116,67232446,67232837
"ENSG00000124143","ENSG00000124143",-2.00099367666728,5.29739460068176e-06,-4.82987108426374,2.41373630540804,0.548863996174996,38601934,38651035
"ENSG00000251138","ENSG00000251138",-3.01849899700636,2.86688071973816e-07,-4.87196429764113,1.61403542041027,0.1,73820315,74402600
"ENSG00000286519","ENSG00000286519",-2.1805004621334,2.6134989439714e-06,-4.89145482379775,2.24327162903325,0.429248125036058,45173722,45175935
"ENSG00000213177","ENSG00000213177",-2.35817375560034,1.55425461092466e-06,-4.89173495753561,2.07437426776479,0.329248125036058,100136064,100136663
"ENSG00000286180","ENSG00000286180",-2.09704261216168,3.18911816575838e-06,-4.91560736222526,2.34406651239106,0.487744375108173,148940265,148941228
"ENSG00000170523","ENSG00000170523",-2.04761875957245,3.69503093463123e-06,-4.92103020447647,2.40329415887165,0.524592654816484,52314301,52321398
"ENSG00000287171","ENSG00000287171",-2.43575287695873,9.94199605459183e-07,-4.98816027576416,2.04789259327176,0.3,8487165,8504564
"ENSG00000213981","ENSG00000213981",-2.04882725974731,2.86778463487291e-06,-5.03236665941728,2.4562181294083,0.537744375108173,170640374,170695374
"ENSG00000243694","ENSG00000243694",-3.64242748867407,1.85701182126754e-08,-5.05096844293094,1.38670391068502,0,80993854,81105182
"ENSG00000223392","ENSG00000223392",-2.55430302863302,5.22346485568037e-07,-5.12393397973632,2.00600082382491,0.258496250072116,95479444,95533910
"ENSG00000221986","ENSG00000221986",-2.50671070041496,5.77729769175714e-07,-5.13150173358112,2.04710568823584,0.279248125036058,109292365,109307011
"ENSG00000249162","ENSG00000249162",-3.31970059217185,6.74763836862607e-08,-5.14776900344653,1.55067267680267,0.05,187746094,187748199
"ENSG00000214145","ENSG00000214145",-2.18246968901239,1.35038441162878e-06,-5.17346040065156,2.37046151279776,0.458496250072116,194296191,194322871
"ENSG00000233221","ENSG00000233221",-2.64720648627512,3.15151471603084e-07,-5.23189580896324,1.97638372227058,0.229248125036058,130830978,130836994
"ENSG00000241794","ENSG00000241794",-2.61341923436713,3.08710737368155e-07,-5.27861321616375,2.01981111440088,0.245344529780426,153056120,153057512
"ENSG00000286480","ENSG00000286480",-2.67261829595596,2.0970133599178e-07,-5.38172026038079,2.01365090874521,0.229248125036058,63106879,63197037
"ENSG00000169474","ENSG00000169474",-3.36372977142681,3.45265397861661e-08,-5.39026670749966,1.6024672235229,0.05,152985231,152985500
"ENSG00000214691","ENSG00000214691",-2.81899306261144,1.42797914032369e-07,-5.39029360669744,1.91213439940289,0.179248125036058,41860155,41894050
"ENSG00000169469","ENSG00000169469",-2.99663930188525,8.80571543351361e-08,-5.41165322895099,1.80590744623365,0.129248125036058,153031203,153032900
"ENSG00000255552","ENSG00000255552",-2.75948021364893,1.57166550271647e-07,-5.41184682330598,1.96118341292607,0.2,31711771,31714065
"ENSG00000261863","ENSG00000261863",-2.11411585098392,9.00424891722894e-07,-5.4449373533631,2.57551512649082,0.537744375108173,4610449,4617650
"ENSG00000249001","ENSG00000249001",-3.12772495857284,5.52286874882902e-08,-5.47499578298376,1.75047226194786,0.1,87568035,87733956
"ENSG00000137674","ENSG00000137674",-2.46370176920428,2.6140585645203e-07,-5.52104534394783,2.24095522151246,0.329248125036058,102576832,102625332
"ENSG00000213005","ENSG00000213005",-2.78076949423209,1.10469068095663e-07,-5.53966246676951,1.99213292517051,0.2,66767400,66768005
"ENSG00000158874","ENSG00000158874",-2.19546352029225,5.45333246060039e-07,-5.54691229338253,2.52653357348618,0.489720793317505,161222292,161223631
"ENSG00000229814","ENSG00000229814",-2.51305596778426,2.09574528539286e-07,-5.56023635983011,2.21253980456811,0.308496250072116,71589601,71589933
"ENSG00000286324","ENSG00000286324",-3.172381360281,2.63814885667223e-08,-5.73978205776223,1.80929762405798,0.1,1111367,1114329
"ENSG00000225210","ENSG00000225210",-2.07256707396758,5.06259728021896e-07,-5.7551917686838,2.77684222671088,0.608496250072116,19062316,19131167
"ENSG00000258116","ENSG00000258116",-2.40791253007769,1.69113399884003e-07,-5.77688815107548,2.39912707746451,0.379248125036058,47341614,47342089
"ENSG00000279193","ENSG00000279193",-2.79919364205746,5.63833844074672e-08,-5.80693998353316,2.07450456313017,0.208496250072116,130121925,130122974
"ENSG00000258551","ENSG00000258551",-2.29389263753321,2.19031196565855e-07,-5.80718503805892,2.53158536848691,0.45,91408708,91605873
"ENSG00000258077","ENSG00000258077",-2.69679812445067,6.28999219388159e-08,-5.86647217574302,2.17534717283964,0.25,75563202,75984015
"ENSG00000221867","ENSG00000221867",-3.07264060381409,2.48095392311414e-08,-5.8691176615451,1.91012175464314,0.129248125036058,152698767,152702347
"ENSG00000178403","ENSG00000178403",-3.00256246029186,2.63962918852904e-08,-5.91239086633858,1.96911502908882,0.15,112513516,112516180
"ENSG00000262768","ENSG00000262768",-2.09523375571772,3.22537990698702e-07,-5.91427126619028,2.82272622329166,0.608496250072116,79800598,79802529
"ENSG00000197172","ENSG00000197172",-2.94757053023913,2.97084263789816e-08,-5.91546080586703,2.00689372660648,0.166096404744368,152766136,152769747
"ENSG00000260476","ENSG00000260476",-3.47122210088282,6.33001684205476e-09,-6.02521668546822,1.73576236563366,0.05,10021578,10022825
"ENSG00000286133","ENSG00000286133",-2.83553197880519,2.88202884530675e-08,-6.04109741887911,2.1304987790773,0.208496250072116,157568731,157824256
"ENSG00000122133","ENSG00000122133",-2.26068636694482,1.40027998010447e-07,-6.0453544964557,2.67412348074874,0.495344529780426,135561756,135566955
"ENSG00000205057","ENSG00000205057",-2.00441290854696,2.72502620882786e-07,-6.1347416830358,3.06061772845146,0.71993718459691,92420094,92428148
"ENSG00000204424","ENSG00000204424",-2.93909356166021,1.78977487645012e-08,-6.13860450510319,2.0886046586539,0.179248125036058,31706866,31710679
"ENSG00000204542","ENSG00000204542",-2.20614803583542,9.26727533749881e-08,-6.29901975510648,2.85521173229936,0.561440934524794,31111223,31112575
"ENSG00000164651","ENSG00000164651",-2.33499594607245,6.049276661531e-08,-6.30599280125067,2.70064400405387,0.469615871138938,20782279,20786886
"ENSG00000272328","ENSG00000272328",-2.81711725392247,1.60131587428558e-08,-6.30610997111243,2.23849751455393,0.229248125036058,8303741,8341343
"ENSG00000203446","ENSG00000203446",-2.28183004236159,6.64196219037614e-08,-6.33230618316014,2.77509983898998,0.508496250072116,40538127,40546928
"ENSG00000257671","ENSG00000257671",-2.53064799934831,2.97663462364972e-08,-6.35426458412339,2.51092391583489,0.358496250072116,52245048,52247448
"ENSG00000136352","ENSG00000136352",-2.67894693195456,1.13383799246864e-08,-6.58846014095587,2.45934701519038,0.302219705967923,36516392,36521149
"ENSG00000171102","ENSG00000171102",-3.18231472691833,3.46945515320384e-09,-6.58906975648182,2.07052737453863,0.129248125036058,133205277,133209250
"ENSG00000100557","ENSG00000100557",-2.73302583184894,9.66195535384405e-09,-6.60105892377292,2.41529327928349,0.279248125036058,57469300,57493867
"ENSG00000243944","ENSG00000243944",-3.18420766164188,3.3648145906179e-09,-6.60215001475258,2.07340434930939,0.129248125036058,150039214,150213726
"ENSG00000168505","ENSG00000168505",-3.12517448889486,2.85303952068767e-09,-6.73315859351376,2.15449045083392,0.15,236165236,236168386
"ENSG00000228358","ENSG00000228358",-3.32705380187359,1.78402272419619e-09,-6.74631587896663,2.0277146931521,0.1,117360596,117412712
"ENSG00000230356","ENSG00000230356",-2.32596279808636,1.21725917236585e-08,-6.98248755106304,3.00197731314007,0.537744375108173,34750253,34752053
"ENSG00000268621","ENSG00000268621",-2.37795808475585,8.40227498089643e-09,-7.07353069328928,2.97462379115716,0.508496250072116,46189029,46203160
"ENSG00000240972","ENSG00000240972",-2.9846424755836,1.66775476981942e-09,-7.09038846139885,2.37562405527732,0.208496250072116,23894383,23895227
"ENSG00000233542","ENSG00000233542",-2.55275026950673,4.73250238654436e-09,-7.0939008833046,2.77892474169647,0.4,2013213,2015639
"ENSG00000223812","ENSG00000223812",-3.18025623035958,9.8557671430718e-10,-7.13343154226969,2.24303673212619,0.15,191425493,191591097
"ENSG00000167419","ENSG00000167419",-2.50823805045839,4.81137996000637e-09,-7.13892443292591,2.84619094731509,0.429248125036058,58218548,58268518
"ENSG00000238042","ENSG00000238042",-3.98693402668383,9.14204724538981e-11,-7.14968604128818,1.79327924501299,0,221880981,221978523
"ENSG00000280409","ENSG00000280409",-3.19288235224639,7.63423519151847e-10,-7.22809333456203,2.2638144902134,0.15,120464335,120466218
"ENSG00000180999","ENSG00000180999",-2.15227520293199,1.11279975097188e-08,-7.2818182977099,3.38331189607633,0.714960400919364,172420685,172468831
"ENSG00000260604","ENSG00000260604",-2.1445120867275,1.09911144366132e-08,-7.30050090717402,3.40427128033329,0.724592654816484,3904920,3911979
"ENSG00000249937","ENSG00000249937",-3.10713166009554,7.01964650549151e-10,-7.33755574304515,2.36152070325193,0.179248125036058,17684584,17955857
"ENSG00000220583","ENSG00000220583",-2.45554329071048,3.36444806085437e-09,-7.35642074369172,2.99584241561599,0.479248125036058,34263311,34263673
"ENSG00000263745","ENSG00000263745",-2.32081746161063,3.14601024547806e-09,-7.56482917892956,3.25955371504299,0.595344529780426,1883524,2489426
"ENSG00000278909","ENSG00000278909",-2.57834628522838,1.38616147407121e-09,-7.58089365979978,2.9402154796784,0.419615871138938,50555355,50558719
"ENSG00000253339","ENSG00000253339",-4.05778593183467,2.46358924743276e-11,-7.66768695683908,1.88962332800347,0,73358670,73364212
"ENSG00000261787","ENSG00000261787",-2.55455961424018,1.00889870184589e-09,-7.74361102731855,3.03129000558548,0.445344529780426,66946501,66962591
"ENSG00000256916","ENSG00000256916",-3.07270763915774,2.61699527166395e-10,-7.78240855848867,2.53275269645305,0.208496250072116,102606916,102628070
"ENSG00000251095","ENSG00000251095",-2.21280631460331,2.46113197943642e-09,-7.83832254681104,3.54225423846742,0.716992500144231,89410960,89726752
"ENSG00000237412","ENSG00000237412",-3.1795110729773,1.57832193327527e-10,-7.91453469343106,2.48923010858392,0.179248125036058,232520388,232525716
"ENSG00000164935","ENSG00000164935",-2.10586219443213,3.00421540368302e-09,-7.92397917668537,3.76281942742325,0.836989030488663,104339087,104356689
"ENSG00000162006","ENSG00000162006",-3.48543119050736,8.72193222587208e-11,-7.93632457143167,2.27699935464123,0.1,769428,783370
"ENSG00000237077","ENSG00000237077",-3.0341555754152,1.89552874734994e-10,-7.95403565015175,2.62149894837324,0.229248125036058,77788382,77793087
"ENSG00000249942","ENSG00000249942",-3.12191998801747,1.52261741253447e-10,-7.97890679498156,2.55576915026847,0.2,74552584,74589481
"ENSG00000162344","ENSG00000162344",-2.40741936265074,8.53996034836152e-10,-8.00178092654495,3.32380018649281,0.566096404744368,69698238,69704022
"ENSG00000234929","ENSG00000234929",-3.05799414857381,1.1399412402288e-10,-8.15625536039047,2.66719129079903,0.229248125036058,2638178,2696285
"ENSG00000104892","ENSG00000104892",-2.28086237216103,5.08969417450104e-10,-8.39502364248118,3.68063577397141,0.708496250072116,45333434,45351520
"ENSG00000171060","ENSG00000171060",-4.15072069543529,4.19639541318107e-12,-8.39851086096512,2.02338617247875,0,10672628,10700590
"ENSG00000286042","ENSG00000286042",-3.3066721875341,2.34160181653851e-11,-8.62450705064004,2.60821350333842,0.166096404744368,79307669,79313384
"ENSG00000170369","ENSG00000170369",-2.1377735291325,4.7447118786783e-10,-8.66559584319712,4.053561205201,0.886608371283169,23823769,23826729
"ENSG00000287338","ENSG00000287338",-2.24139850168404,3.02442345602316e-10,-8.68279839784959,3.87383073171767,0.775488750216347,223091872,223103335
"ENSG00000197587","ENSG00000197587",-2.29231764469954,2.36406351352985e-10,-8.71230554082493,3.80065370127483,0.728112121211054,46489836,46516216
"ENSG00000286486","ENSG00000286486",-2.31601524940719,1.65078646977076e-10,-8.83304871303029,3.8138992026461,0.716992500144231,244087306,244090295
"ENSG00000164778","ENSG00000164778",-2.0866661360568,3.51691202094135e-10,-8.89080719890843,4.26077130657303,0.975488750216347,155458129,155464831
"ENSG00000242575","ENSG00000242575",-3.06302552022445,1.19700316283757e-11,-9.0802078033782,2.96445711712935,0.266096404744368,153420677,153421957
"ENSG00000171564","ENSG00000171564",-2.4231881228699,5.58259204037071e-11,-9.16066186627463,3.78041712065889,0.649717671842943,154563011,154572807
"ENSG00000137745","ENSG00000137745",-2.11758959917147,1.01212852232753e-10,-9.38696153394445,4.43285211526219,0.994529839413393,102942995,102955732
"ENSG00000198610","ENSG00000198610",-2.76613390512588,8.92579944580664e-12,-9.47930116552596,3.42691333487508,0.429248125036058,5195462,5218949
"ENSG00000205420","ENSG00000205420",-2.07386799130237,7.86852669923154e-11,-9.61306628894858,4.63533181922137,1.0806175097387,52487176,52493257
"ENSG00000135374","ENSG00000135374",-2.6531435003366,8.74267919232238e-12,-9.6179426666113,3.62511212280493,0.508496250072116,34478791,34525193
"ENSG00000230838","ENSG00000230838",-2.97134709230411,4.01776191964807e-12,-9.61806766434512,3.23693845436511,0.329248125036058,215718043,215719424
"ENSG00000247381","ENSG00000247381",-2.66293618813727,6.66190886353022e-12,-9.72136767382984,3.65061983728193,0.508496250072116,27819376,27917298
"ENSG00000267073","ENSG00000267073",-3.70870169325461,5.47132336419659e-13,-9.93309399895159,2.67832110008144,0.1,1748056,1748745
"ENSG00000229970","ENSG00000229970",-2.15359413269572,2.35675307240825e-11,-9.94567671468443,4.61817598947259,1.01144093452479,8262264,8344516
"ENSG00000029559","ENSG00000029559",-2.71839257313317,2.85125108178181e-12,-10.0227459634698,3.6870119726371,0.49036774610288,87799554,87812435
"ENSG00000171889","ENSG00000171889",-3.17910402963752,1.00045893509844e-12,-10.041762079687,3.15867678002093,0.258496250072116,21453802,21559900
"ENSG00000236452","ENSG00000236452",-2.55912429764878,3.83382259234975e-12,-10.0805030654004,3.93904394353255,0.608496250072116,34203244,34268811
"ENSG00000257588","ENSG00000257588",-3.03324822827902,7.51603499169103e-13,-10.2649277549549,3.38413706443633,0.329248125036058,49951512,49962924
"ENSG00000168875","ENSG00000168875",-3.43509233025612,3.57867944327127e-13,-10.2883842762327,2.9950823113583,0.179248125036058,137764315,137766334
"ENSG00000276122","ENSG00000276122",-3.64760556713979,1.19812096915578e-13,-10.5944912069759,2.90450571257444,0.129248125036058,130138693,130140768
"ENSG00000271216","ENSG00000271216",-4.06471099444019,3.10761733016034e-14,-10.8954841817514,2.68050648536993,0.05,42810366,42814897
"ENSG00000170454","ENSG00000170454",-3.01213067071145,1.44011820292909e-14,-11.8381104620134,3.93014505549898,0.408496250072116,52424070,52434371
"ENSG00000250641","ENSG00000250641",-3.51244585144662,6.17442596313492e-15,-11.8994901835894,3.38780743870787,0.2,31706904,31717918
"ENSG00000100665","ENSG00000100665",-2.86166088915771,1.63426175120571e-14,-11.9187817440504,4.16498746906329,0.502219705967923,94561442,94569913
"ENSG00000139800","ENSG00000139800",-3.42770036601283,6.18805825187483e-15,-11.9335688734542,3.48150876657156,0.229248125036058,99962964,99971909
"ENSG00000232679","ENSG00000232679",-3.7966967526267,1.79276787905468e-15,-12.2779910521533,3.23386139376523,0.129248125036058,222010825,222064773
"ENSG00000249550","ENSG00000249550",-2.69458460600686,6.26716869645365e-15,-12.5053378607249,4.64091490497185,0.658496250072116,113583886,113773726
"ENSG00000083782","ENSG00000083782",-3.2088351833312,4.40401397988507e-16,-13.1249278433661,4.09024680094061,0.358496250072116,90963682,91005026
"ENSG00000260573","ENSG00000260573",-2.91301765389661,7.43114908318523e-16,-13.1387995778092,4.51037416825609,0.529248125036058,50407184,50546347
"ENSG00000226320","ENSG00000226320",-2.62420917860627,1.33090125477414e-15,-13.2228175983268,5.03878185707339,0.766992500144231,33956972,34677247
"ENSG00000129455","ENSG00000129455",-3.63307687823511,1.38897773474467e-16,-13.4198097614917,3.69378634454079,0.2,50996007,51002711
"ENSG00000104371","ENSG00000104371",-3.02822670498029,1.98181436753448e-16,-13.5635718999104,4.47904771383313,0.474592654816484,42374063,42377229
"ENSG00000197085","ENSG00000197085",-3.14436462830044,1.5880193362882e-16,-13.5804641837006,4.31898516522908,0.408496250072116,34346512,34871582
"ENSG00000224099","ENSG00000224099",-2.70158823872961,1.47883870974068e-16,-14.0255197137945,5.19158305204566,0.745344529780426,195448532,195481827
"ENSG00000128610","ENSG00000128610",-3.68229977523254,2.73922832111045e-17,-14.0891375766886,3.82617886557018,0.2,122301303,122310691
"ENSG00000174015","ENSG00000174015",-3.6950385601497,1.75512505860088e-17,-14.2672306145374,3.86118585294532,0.2,45702320,45714559
"ENSG00000228705","ENSG00000228705",-2.54616520159138,7.22253119155211e-17,-14.5496325322251,5.71433170288064,0.940689059560852,62774121,62776996
"ENSG00000196260","ENSG00000196260",-2.95769830722793,1.29042655033391e-17,-14.7632114095331,4.99145277037053,0.575488750216347,30931353,30955636
"ENSG00000233532","ENSG00000233532",-3.76252127041471,1.99356229664498e-18,-15.2452311047533,4.05186575943874,0.2,106374477,106384315
"ENSG00000178776","ENSG00000178776",-4.41778300130137,1.63727022111335e-18,-15.273254690821,3.45722157161679,0.05,147880726,147906538
"ENSG00000228742","ENSG00000228742",-3.17627375190365,5.96855593446518e-19,-15.9303900076504,5.01543357152472,0.479248125036058,106774955,106838480
"ENSG00000231172","ENSG00000231172",-4.19935853767897,3.12265066322451e-19,-16.0086529747463,3.8121662704215,0.1,75524068,75542706
"ENSG00000159263","ENSG00000159263",-2.33269148672573,3.06901256993649e-18,-16.3212549676538,6.99674820289372,1.38398500028846,36699115,36749917
"ENSG00000230316","ENSG00000230316",-3.40677636559484,2.03664306392135e-19,-16.3308456824736,4.79363595667724,0.366992500144231,122303658,122310119
"ENSG00000186007","ENSG00000186007",-2.91853546241402,1.14404050294067e-19,-16.9876458375951,5.82060627885741,0.712337029924657,205381378,205455954
"ENSG00000169035","ENSG00000169035",-3.01282509283189,2.86291606212056e-20,-17.5229790054631,5.81612887092378,0.658496250072116,50976468,50984099
"ENSG00000214039","ENSG00000214039",-2.46044731545682,4.72709979693352e-20,-18.0063077488144,7.3183065679548,1.31831611071229,130032928,130045057
"ENSG00000251026","ENSG00000251026",-5.16028012574729,1.7507074417807e-24,-21.6525019064439,4.19599350787342,0,104079847,104406121
"ENSG00000167755","ENSG00000167755",-4.00925362256274,5.81024434670255e-31,-27.1561295889135,6.77336286137846,0.329248125036058,50958631,50969673
