"","logFC","logCPM","LR","PValue","FDR","gene_name","gene_type"
"ENSG00000013293",2.04120340216624,5.04501775440846,59.4958372722027,1.22553080476082e-14,3.30814250781888e-12,"SLC7A14","protein_coding"
"ENSG00000015592",2.11365566024435,4.99696408465851,59.852877254199,1.02219804557187e-14,2.85125108178181e-12,"STMN4","protein_coding"
"ENSG00000029559",-2.71839257313317,4.59981285282044,59.8712394726663,1.0127055553327e-14,2.85125108178181e-12,"IBSP","protein_coding"
"ENSG00000034971",2.73422479480018,5.21935906955377,108.017910501453,2.66360254740428e-25,1.33734156700074e-21,"MYOC","protein_coding"
"ENSG00000040731",2.49140748359441,4.62650142091916,51.1813724866822,8.42139721422031e-13,1.42845105179586e-10,"CDH10","protein_coding"
"ENSG00000057149",-2.37023198327718,4.1139724227523,25.2666975725292,4.99254781513664e-07,1.77525382933697e-05,"SERPINB3","protein_coding"
"ENSG00000070748",3.0068386886939,4.98290305052437,96.8672469293732,7.41349484783172e-23,1.86108374659967e-19,"CHAT","protein_coding"
"ENSG00000081800",2.03643962941831,4.70792913304152,41.4512154680448,1.20849398567792e-10,1.13383799246864e-08,"SLC13A1","protein_coding"
"ENSG00000083782",-3.2088351833312,4.6469109332732,78.7101076297312,7.19266145535722e-19,4.40401397988507e-16,"EPYC","protein_coding"
"ENSG00000089116",-2.1093635789242,4.32276097718221,28.6575100307087,8.63783491535696e-08,3.89307374712964e-06,"LHX5","protein_coding"
"ENSG00000100557",-2.73302583184894,4.31115943755135,41.8126204499483,1.00452929706553e-10,9.66195535384405e-09,"CCDC198","protein_coding"
"ENSG00000100665",-2.86166088915771,4.68374140600869,70.7887831447396,3.97591174165943e-17,1.63426175120571e-14,"SERPINA4","protein_coding"
"ENSG00000101438",2.09089095309266,4.27550864344281,25.0367268990737,5.6248624159425e-07,1.96940789525552e-05,"SLC32A1","protein_coding"
"ENSG00000102243",-2.27523320234891,3.99589681801637,19.4488874960012,1.03328007462001e-05,0.00024040280809324,"VGLL1","protein_coding"
"ENSG00000104371",-3.02822670498029,4.7306486055621,80.3865596766532,3.0788225117051e-19,1.98181436753448e-16,"DKK4","protein_coding"
"ENSG00000104892",-2.28086237216103,4.63669576810272,48.2719476684184,3.71022161382127e-12,5.08969417450104e-10,"KLC3","protein_coding"
"ENSG00000108231",2.24621628597844,5.09746895371124,72.6181414090842,1.5732619950599e-17,7.31392020814512e-15,"LGI1","protein_coding"
"ENSG00000108849",2.54888271400268,4.55468537178383,48.5619215989026,3.20022989433909e-12,4.51340288019598e-10,"PPY","protein_coding"
"ENSG00000109132",2.2583937941668,5.04496104065367,69.4939413295292,7.66496001232967e-17,3.00658056483631e-14,"PHOX2B","protein_coding"
"ENSG00000110887",2.27592142137134,5.22956209596481,84.1475503755536,4.59192572482323e-20,3.84252344653208e-17,"DAO","protein_coding"
"ENSG00000113396",2.05175302027681,4.90297334741863,51.8584054767182,5.96507665646878e-13,1.03991169711106e-10,"SLC27A6","protein_coding"
"ENSG00000117501",-3.05646931268613,3.85610103204624,25.7302752633506,3.92619267624987e-07,1.44309137546964e-05,"MROH9","protein_coding"
"ENSG00000120211",-2.51189896146082,3.99721390220434,22.805219329229,1.79278167249704e-06,5.45527164925645e-05,"INSL4","protein_coding"
"ENSG00000122133",-2.26068636694482,4.41004028856713,35.9876335447098,1.98573802149932e-09,1.40027998010447e-07,"PAEP","protein_coding"
"ENSG00000124143",-2.00099367666728,4.36780041466832,27.9729456471945,1.2302346447568e-07,5.29739460068176e-06,"ARHGAP40","protein_coding"
"ENSG00000125255",3.83507011942903,4.62076328200863,86.6342870976218,1.30563810828262e-20,1.26064381039718e-17,"SLC10A2","protein_coding"
"ENSG00000125851",2.48647087660585,5.23959406582126,96.6212234454144,8.39436126752866e-23,1.91574586600036e-19,"PCSK2","protein_coding"
"ENSG00000128610",-3.68229977523254,4.57288753600779,84.8837436972881,3.16434119312472e-20,2.73922832111045e-17,"FEZF1","protein_coding"
"ENSG00000129455",-3.63307687823511,4.54889170298375,81.302807237432,1.93651293483363e-19,1.38897773474467e-16,"KLK8","protein_coding"
"ENSG00000131482",2.39710176033017,4.76508325773234,56.6209888057582,5.28447697535988e-14,1.18447776776281e-11,"G6PC","protein_coding"
"ENSG00000134538",-2.66590632986547,4.01426442851022,25.7138214969042,3.95980914624374e-07,1.45119779280734e-05,"SLCO1B1","protein_coding"
"ENSG00000135374",-2.6531435003366,4.5920697374084,57.3264672471411,3.69153917457844e-14,8.74267919232238e-12,"ELF5","protein_coding"
"ENSG00000135477",-2.05992609799136,4.23262615511597,24.2340826333786,8.53091939733775e-07,2.84787500732403e-05,"KRT87P","transcribed_unprocessed_pseudogene"
"ENSG00000136352",-2.67894693195456,4.32553177198702,41.444931253374,1.21238510293841e-10,1.13383799246864e-08,"NKX2-1","protein_coding"
"ENSG00000136695",-2.62137535897902,4.06230006954447,27.125224896228,1.9069340291821e-07,7.72123739815927e-06,"IL36RN","protein_coding"
"ENSG00000137674",-2.46370176920428,4.28411224828073,34.5942516990232,4.06103744488096e-09,2.6140585645203e-07,"MMP20","protein_coding"
"ENSG00000137675",3.1339363431117,4.5519089552095,63.6670830653185,1.47325852803994e-15,4.86640553788351e-13,"MMP27","protein_coding"
"ENSG00000137745",-2.11758959917147,4.80503139259898,51.9284393280057,5.75606452764817e-13,1.01212852232753e-10,"MMP13","protein_coding"
"ENSG00000139144",2.22820989852518,4.50834938309093,37.6463598917727,8.48047856256326e-10,6.55058257952579e-08,"PIK3C2G","protein_coding"
"ENSG00000139797",-2.17575529675696,3.91844097507833,15.7355575154671,7.28419408913256e-05,0.00127519113259124,"RNF113B","protein_coding"
"ENSG00000139800",-3.42770036601283,4.51504670565429,73.0225279597043,1.28178389538516e-17,6.18805825187483e-15,"ZIC5","protein_coding"
"ENSG00000143536",-2.85941847386881,3.81771910681729,21.99649451166,2.73148897615485e-06,7.74816940761485e-05,"CRNN","protein_coding"
"ENSG00000147256",2.36887285836548,4.52466338222629,42.1101323965914,8.62750068680476e-11,8.42742323897069e-09,"ARHGAP36","protein_coding"
"ENSG00000147588",2.14306329727943,4.9742730590322,59.745683943048,1.07941631808684e-14,2.97776563178594e-12,"PMP2","protein_coding"
"ENSG00000152034",2.53674083122203,4.33061210211456,36.2247394961893,1.75824300026605e-09,1.2611123508194e-07,"MCHR2","protein_coding"
"ENSG00000152591",-2.33814926254137,3.82389720411163,15.0358818289535,0.000105486378813799,0.00175025119216233,"DSPP","protein_coding"
"ENSG00000152592",-3.1082775189832,3.86690790291354,26.7995927037036,2.25684899165431e-07,8.90816620856756e-06,"DMP1","protein_coding"
"ENSG00000153820",2.02322578385123,4.5445463491201,33.8658147566463,5.9047152277149e-09,3.57185472473626e-07,"SPHKAP","protein_coding"
"ENSG00000154080",2.12432800834742,4.79654660293971,48.8625946171598,2.74536842630762e-12,3.93827022708724e-10,"CHST9","protein_coding"
"ENSG00000156920",2.09190819487425,4.35490335637092,27.981958209223,1.2245181717967e-07,5.28183920700764e-06,"ADGRG4","protein_coding"
"ENSG00000158874",-2.19546352029225,4.37887527364381,32.9783365493179,9.31915083491702e-09,5.45333246060039e-07,"APOA2","protein_coding"
"ENSG00000159263",-2.33269148672573,5.19819907528475,90.0494719342021,2.32278676022918e-21,3.06901256993649e-18,"SIM2","protein_coding"
"ENSG00000159527",-2.23253419965258,3.96180292630825,17.758933693269,2.50737297368654e-05,0.000516366621258629,"PGLYRP3","protein_coding"
"ENSG00000162006",-3.48543119050736,4.2410519458866,52.3598098911756,4.6208452280154e-13,8.72193222587208e-11,"MSLNL","protein_coding"
"ENSG00000162040",2.85807223409252,4.7619506496128,71.979099084653,2.17488818341824e-17,9.74971302795205e-15,"HS3ST6","protein_coding"
"ENSG00000162344",-2.40741936265074,4.54818061446717,47.1734386332977,6.49750010570845e-12,8.53996034836152e-10,"FGF19","protein_coding"
"ENSG00000162992",2.28929482115324,5.03284941128489,70.0645253441012,5.73959324877654e-17,2.28709125265534e-14,"NEUROD1","protein_coding"
"ENSG00000163207",-3.31282630509602,3.91266890520737,31.4172568492718,2.0812288013904e-08,1.10928169490668e-06,"IVL","protein_coding"
"ENSG00000163209",-2.65400504380698,4.07166859499618,28.0543759263512,1.17954092481851e-07,5.15874483913656e-06,"SPRR3","protein_coding"
"ENSG00000163216",-2.70553713068869,4.1380636259311,32.04017289669,1.51017092588423e-08,8.35051341925059e-07,"SPRR2D","protein_coding"
"ENSG00000163285",2.4187883907695,4.29877175480885,32.3438462552244,1.29165611764024e-08,7.30309350838749e-07,"GABRG1","protein_coding"
"ENSG00000164122",2.52297615105356,4.83435233206938,65.6980477758285,5.25579023401908e-16,1.8848765433545e-13,"ASB5","protein_coding"
"ENSG00000164438",-2.14051229823359,3.98195875714277,17.1765613632236,3.40613130424715e-05,0.000666985337455697,"TLX3","protein_coding"
"ENSG00000164651",-2.33499594607245,4.41019963317509,37.8432158395339,7.66645210367957e-10,6.049276661531e-08,"SP8","protein_coding"
"ENSG00000164778",-2.0866661360568,4.77548301043506,49.1070941902905,2.42362085573157e-12,3.51691202094135e-10,"EN2","protein_coding"
"ENSG00000164935",-2.10586219443213,4.672478742886,44.3798542317054,2.70455975634306e-11,3.00421540368302e-09,"DCSTAMP","protein_coding"
"ENSG00000165192",2.04001325078929,4.39938383494425,28.5403326772881,9.17668597712769e-08,4.11377722803238e-06,"ASB11","protein_coding"
"ENSG00000165462",2.07347019065139,4.89224531183063,52.1307612305042,5.19250984668898e-13,9.51480052491095e-11,"PHOX2A","protein_coding"
"ENSG00000165553",2.14461413413082,4.85049513611627,52.5566982172598,4.180046619858e-13,8.07199156499348e-11,"NGB","protein_coding"
"ENSG00000166091",2.25288593092763,4.85798720437804,57.1060819559364,4.12926714473855e-14,9.51019471573548e-12,"CMTM5","protein_coding"
"ENSG00000167419",-2.50823805045839,4.43120853518265,43.3241977585059,4.63812121702335e-11,4.81137996000637e-09,"LPO","protein_coding"
"ENSG00000167580",-2.23078485980859,4.03347448868522,20.0989211250649,7.35381469844871e-06,0.000181288673914891,"AQP2","protein_coding"
"ENSG00000167755",-4.00925362256274,5.04100132620019,152.62384592959,4.62893909074454e-35,5.81024434670255e-31,"KLK6","protein_coding"
"ENSG00000167798",-2.7721630663182,4.0683492344447,29.7626709805975,4.8830427321273e-08,2.36192494696192e-06,"C3P1","transcribed_unprocessed_pseudogene"
"ENSG00000167916",2.47285691881749,5.13565342554402,86.7750000156298,1.2159695055654e-20,1.22102793870855e-17,"KRT24","protein_coding"
"ENSG00000168267",-2.86133398912707,3.93155219666671,25.0095045715161,5.70483989733875e-07,1.99462814460713e-05,"PTF1A","protein_coding"
"ENSG00000168505",-3.12517448889486,4.22455398565332,44.5070970289091,2.53436828040691e-11,2.85303952068767e-09,"GBX2","protein_coding"
"ENSG00000168875",-3.43509233025612,4.41101840936055,64.3791419783359,1.02638989768775e-15,3.57867944327127e-13,"SOX14","protein_coding"
"ENSG00000169035",-3.01282509283189,4.95700093595164,101.586054107131,6.84253360927476e-24,2.86291606212056e-20,"KLK7","protein_coding"
"ENSG00000169469",-2.99663930188525,4.1374600637918,37.016114520155,1.17156985133586e-09,8.80571543351361e-08,"SPRR1B","protein_coding"
"ENSG00000169474",-3.36372977142681,4.06705493982059,39.0200336143758,4.1947875377552e-10,3.45265397861661e-08,"SPRR1A","protein_coding"
"ENSG00000169548",-2.19695745754237,4.09249522873493,21.6383822928533,3.2919786237737e-06,9.12161494163521e-05,"ZNF280A","protein_coding"
"ENSG00000170369",-2.1377735291325,4.72847642385185,48.4419961510773,3.40204006597392e-12,4.7447118786783e-10,"CST2","protein_coding"
"ENSG00000170423",-2.27534322628702,4.01526022244447,20.1129977097167,7.29988942706074e-06,0.000180370496237139,"KRT78","protein_coding"
"ENSG00000170454",-3.01213067071145,4.62798655385114,71.0733008735951,3.44196511216321e-17,1.44011820292909e-14,"KRT75","protein_coding"
"ENSG00000170465",-2.18167490173372,4.15258690571052,23.5516287533472,1.21606442374266e-06,3.90384671274115e-05,"KRT6C","protein_coding"
"ENSG00000170523",-2.04761875957245,4.36058957108183,28.7655857492384,8.16898569439265e-08,3.69503093463123e-06,"KRT83","protein_coding"
"ENSG00000171060",-4.15072069543529,4.15874897794866,58.9247667775984,1.63817220559172e-14,4.19639541318107e-12,"C8orf74","protein_coding"
"ENSG00000171102",-3.18231472691833,4.20039018710315,44.038295617929,3.22013643521548e-11,3.46945515320384e-09,"OBP2B","protein_coding"
"ENSG00000171446",2.22610387683912,4.34470584886096,30.4014101901259,3.51272701394663e-08,1.7672043879382e-06,"KRT27","protein_coding"
"ENSG00000171564",-2.4231881228699,4.64372991837238,53.3580258384399,2.77973233367726e-13,5.58259204037071e-11,"FGB","protein_coding"
"ENSG00000171889",-3.17910402963752,4.45904364077683,62.1713489306463,3.14835308607302e-15,1.00045893509844e-12,"MIR31HG","lncRNA"
"ENSG00000172058",2.24610724196833,4.26554876311533,27.6000822578046,1.49172422471839e-07,6.272737845449e-06,"SERF1A","protein_coding"
"ENSG00000172689",2.83321423060237,4.98042798812338,89.5635773901134,2.96940923013857e-21,3.54971663397137e-18,"MS4A10","protein_coding"
"ENSG00000172995",2.4658559937699,4.63117529635724,50.7039091686797,1.07405423126826e-12,1.72574980490453e-10,"ARPP21","protein_coding"
"ENSG00000173452",2.59847559837338,4.26651428472078,34.3085171758862,4.70318971288618e-09,2.95172186380736e-07,"TMEM196","protein_coding"
"ENSG00000174015",-3.6950385601497,4.57916630688829,85.8333205076518,1.95759646434133e-20,1.75512505860088e-17,"CBY2","protein_coding"
"ENSG00000174325",-2.65862088686852,4.10094628839631,29.4714162115502,5.67474860570597e-08,2.69808501889475e-06,"DIRC1","lncRNA"
"ENSG00000177511",2.15400946591028,4.7718939904149,48.5917566971742,3.15191283271756e-12,4.47037399731874e-10,"ST8SIA3","protein_coding"
"ENSG00000177803",-2.05164727135195,4.0892024491969,19.2463416483865,1.14890323042741e-05,0.000261724743163791,"YWHAQP4","processed_pseudogene"
"ENSG00000177992",2.85581676427602,4.24074861827631,37.7334394578419,8.11023092044368e-10,6.34265535909091e-08,"SPATA31E1","protein_coding"
"ENSG00000178233",2.0484938331589,4.99458097238245,56.8611602921125,4.6769223894081e-14,1.05774287985316e-11,"TMEM151B","protein_coding"
"ENSG00000178403",-3.00256246029186,4.18149723248926,39.6293670180627,3.07031438436297e-10,2.63962918852904e-08,"NEUROG2","protein_coding"
"ENSG00000178776",-4.41778300130137,4.47645327816254,91.5127917100605,1.10873142761819e-21,1.63727022111335e-18,"C5orf46","protein_coding"
"ENSG00000179520",2.89521677406846,5.02215148265411,96.0622867636646,1.11325365418887e-22,2.11730175109014e-19,"SLC17A8","protein_coding"
"ENSG00000180178",-2.44467569590501,4.0398336318554,23.4914045109288,1.25473086504079e-06,4.00238419771079e-05,"FAR2P1","transcribed_unprocessed_pseudogene"
"ENSG00000180999",-2.15227520293199,4.58578836777322,41.5066923865327,1.17468106280891e-10,1.11279975097188e-08,"C1orf105","protein_coding"
"ENSG00000181211",-2.81957951965615,3.810462024568,21.3016420777551,3.92395226002639e-06,0.00010535497062642,"HECW1-IT1","lncRNA"
"ENSG00000181355",-2.52997303228863,4.0018560611326,23.2432456688553,1.42750911719277e-06,4.49638505370231e-05,"OFCC1","transcribed_unitary_pseudogene"
"ENSG00000182521",2.20153901644445,4.3877711312072,31.6667726985659,1.83027006311937e-08,9.94199605459183e-07,"TBPL2","protein_coding"
"ENSG00000182938",2.78452461746714,5.07193443807858,95.9457056174182,1.1807769485047e-22,2.11730175109014e-19,"OTOP3","protein_coding"
"ENSG00000183034",2.96719638020217,5.67431493531664,180.960763365221,2.98985216406049e-41,7.50572487265746e-37,"OTOP2","protein_coding"
"ENSG00000183242",-2.42124984086469,4.08572501355119,24.9579528723497,5.85943285442037e-07,2.04015537277904e-05,"WT1-AS","lncRNA"
"ENSG00000183929",-2.30901538848468,4.05433082627806,22.0001115925461,2.72634613692901e-06,7.74232957256401e-05,"DUSP5P1","processed_pseudogene"
"ENSG00000184330",-2.17654265064088,3.71384915203813,12.3765604441054,0.000434757303379231,0.00563165497628081,"S100A7A","protein_coding"
"ENSG00000184544",3.4856965293531,4.62106286253359,78.2160833312396,9.23634266738842e-19,5.52069396005045e-16,"DHRS7C","protein_coding"
"ENSG00000184601",2.13059463804228,4.74234529410908,46.2410219011244,1.04564599186235e-11,1.28675965586826e-09,"C14orf180","protein_coding"
"ENSG00000184672",2.48258849400753,4.50030253798475,43.7612373452685,3.70980302657928e-11,3.92957363625512e-09,"RALYL","protein_coding"
"ENSG00000184995",-2.82214831251523,4.08309812827744,31.2702401550116,2.24494703703371e-08,1.18397374827089e-06,"IFNE","protein_coding"
"ENSG00000185149",2.52414824598359,4.95104978098021,74.2938311272659,6.73135303719438e-18,3.44865074787199e-15,"NPY2R","protein_coding"
"ENSG00000186007",-2.91853546241402,4.96501095800519,98.2725968045516,3.64576323435521e-23,1.14404050294067e-19,"LEMD1","protein_coding"
"ENSG00000186675",2.69400286796806,4.52839426421178,50.819412380991,1.01267175089507e-12,1.65078646977076e-10,"MAGEE2","protein_coding"
"ENSG00000186732",2.79224097614539,4.31154934612368,40.3798346201522,2.09088055693429e-10,1.85701182126754e-08,"MPPED1","protein_coding"
"ENSG00000187054",-2.1250816999606,3.86482752249517,13.6991262626419,0.000214554282900153,0.00314980743738329,"TMPRSS11A","protein_coding"
"ENSG00000187714",2.247276588339,4.64054373877318,44.6891436561265,2.30934238098684e-11,2.63516959692243e-09,"SLC18A3","protein_coding"
"ENSG00000187848",2.47415503189297,4.83508054156772,63.946766775382,1.27826922147807e-15,4.2786227381314e-13,"P2RX2","protein_coding"
"ENSG00000188771",-2.29135778347518,3.89794313294343,16.524357960411,4.80290940271942e-05,0.000892466599895398,"PLET1","protein_coding"
"ENSG00000189001",-2.07227160849241,4.31939615914744,27.7156342740861,1.40522430296644e-07,5.958910625282e-06,"SBSN","protein_coding"
"ENSG00000196260",-2.95769830722793,4.82623200168997,86.513470904675,1.38788706417366e-20,1.29042655033391e-17,"SFTA2","protein_coding"
"ENSG00000196341",2.72609801011387,4.24147002280214,35.4298391279726,2.64405050757395e-09,1.80370228103632e-07,"OR8D1","protein_coding"
"ENSG00000196767",2.51754787742723,4.21115408399879,30.2646512752232,3.76933155500252e-08,1.87376830409472e-06,"POU3F4","protein_coding"
"ENSG00000197085",-3.14436462830044,4.69373959873247,80.9283376437562,2.34053200456753e-19,1.5880193362882e-16,"NPSR1-AS1","lncRNA"
"ENSG00000197172",-2.94757053023913,4.19414370607916,39.3588141073167,3.52657387704609e-10,2.97084263789816e-08,"MAGEA6","protein_coding"
"ENSG00000197587",-2.29231764469954,4.6605112079377,50.0086615874994,1.53068803316204e-12,2.36406351352985e-10,"DMBX1","protein_coding"
"ENSG00000197641",-2.03945323235786,3.94088781217114,14.7088163524163,0.000125458346339273,0.00202540599774991,"SERPINB13","protein_coding"
"ENSG00000197953",2.93472323140395,4.63073132991919,64.2824744620196,1.07800386319928e-15,3.65705526780468e-13,"AADACL2","protein_coding"
"ENSG00000198049",2.28344652874711,4.8258582534813,56.3033194504563,6.21104796973397e-14,1.36773814238773e-11,"AVPR1B","protein_coding"
"ENSG00000198092",-2.15648452818824,3.7933219038872,12.4059122923778,0.000427976673918737,0.00555816162548162,"TMPRSS11F","protein_coding"
"ENSG00000198610",-2.76613390512588,4.54199879905168,57.2489343704114,3.83997108089196e-14,8.92579944580664e-12,"AKR1C4","protein_coding"
"ENSG00000198930",-2.080475810317,4.06056057727674,18.7773764785366,1.46899383930801e-05,0.000324056426555258,"CSAG1","protein_coding"
"ENSG00000203395",-2.00249808445038,3.84231490539589,11.8532420954811,0.000575610458573168,0.00710079850222153,"AC015969.1","lncRNA"
"ENSG00000203446",-2.28183004236159,4.43282513242479,37.613344566168,8.62523770738776e-10,6.64196219037614e-08,"SUGCT-AS1","lncRNA"
"ENSG00000203783",-2.77867913057476,4.0702516607498,29.9557004635895,4.42030454394844e-08,2.15485332701551e-06,"PRR9","protein_coding"
"ENSG00000203858",3.613604803363,4.56501021497018,76.2984816788827,2.43871326161609e-18,1.33090125477414e-15,"HSD3BP2","unprocessed_pseudogene"
"ENSG00000203972",2.49882908232551,4.37219533123088,37.4838352757336,9.21737382045424e-10,7.01190764814192e-08,"GLYATL3","protein_coding"
"ENSG00000204071",2.27553002171862,4.58122553006247,42.4670794748965,7.18819657522978e-11,7.1608129692289e-09,"TCEAL6","protein_coding"
"ENSG00000204424",-2.93909356166021,4.21614550899166,40.47732192753,1.98911404767998e-10,1.78977487645012e-08,"LY6G6F","protein_coding"
"ENSG00000204542",-2.20614803583542,4.45894242638544,36.8990689071712,1.24405345312982e-09,9.26727533749881e-08,"C6orf15","protein_coding"
"ENSG00000204544",-3.07472694231624,3.9849205822178,30.3374962895503,3.63039645182743e-08,1.81187818144485e-06,"MUC21","protein_coding"
"ENSG00000204687",2.82706808603276,4.55672005686769,56.1210945084916,6.81420807905263e-14,1.48751199666554e-11,"MAS1L","protein_coding"
"ENSG00000204933",2.60066787750491,5.17776697467316,96.9958639848991,6.94723006918259e-23,1.86108374659967e-19,"CD177P1","unprocessed_pseudogene"
"ENSG00000205057",-2.00441290854696,4.52804726774907,34.498410866583,4.26599466248147e-09,2.72502620882786e-07,"CLLU1-AS1","lncRNA"
"ENSG00000205293",-2.18528565565206,4.12727289336446,22.6906825895691,1.90288333079048e-06,5.72095606421127e-05,"LINC01602","lncRNA"
"ENSG00000205420",-2.07386799130237,4.84852918198598,52.6372865855058,4.01199576761328e-13,7.86852669923154e-11,"KRT6A","protein_coding"
"ENSG00000205899",-2.53718143033568,4.16550184767707,30.384146657007,3.54412834141787e-08,1.77943595765909e-06,"BHLHA9","protein_coding"
"ENSG00000206073",-2.48200449587554,4.0709944915363,25.3178206847212,4.86196017751857e-07,1.73619698856936e-05,"SERPINB4","protein_coding"
"ENSG00000206192",-2.04960447677814,3.85078188499105,12.5400201685736,0.000398328001808922,0.00526296113547957,"ANKRD20A9P","unprocessed_pseudogene"
"ENSG00000213005",-2.78076949423209,4.19861066367463,36.512091859313,1.51722116522758e-09,1.10469068095663e-07,"PTTG3P","processed_pseudogene"
"ENSG00000213174",-2.21537025935647,4.10899963148845,22.5257903574386,2.0734111914534e-06,6.1818188301955e-05,"AC026316.1","processed_pseudogene"
"ENSG00000213177",-2.35817375560034,4.24706246733764,30.689797561342,3.02752750454972e-08,1.55425461092466e-06,"PRDX2P4","processed_pseudogene"
"ENSG00000213401",-2.74060071056836,4.05922068738565,28.8405090974933,7.85900617951104e-08,3.58062597332931e-06,"MAGEA12","protein_coding"
"ENSG00000213816",-2.49100057263854,4.18173114988061,30.2918809363383,3.71678449255338e-08,1.85131265676706e-06,"CNN2P4","processed_pseudogene"
"ENSG00000213981",-2.04882725974731,4.37428426878422,29.3313077308517,6.10021110190461e-08,2.86778463487291e-06,"AC007277.1","lncRNA"
"ENSG00000214039",-2.46044731545682,5.22771326331159,100.287433149072,1.31810462788937e-23,4.72709979693352e-20,"LINC02418","lncRNA"
"ENSG00000214100",2.5086918970977,4.34412721747513,36.3071311624871,1.68546022920701e-09,1.21237230928403e-07,"PLAC9P1","transcribed_unprocessed_pseudogene"
"ENSG00000214145",-2.18246968901239,4.33983962036579,30.9866193763302,2.59813444397984e-08,1.35038441162878e-06,"LINC00887","lncRNA"
"ENSG00000214691",-2.81899306261144,4.17494391210312,35.9440008834129,2.03070647345266e-09,1.42797914032369e-07,"LINC01913","lncRNA"
"ENSG00000214888",2.86613334587237,4.95101189970317,88.2334655849107,5.81674350491383e-21,6.63743313397076e-18,"AL772337.1","transcribed_unprocessed_pseudogene"
"ENSG00000215887",-2.48149441783114,3.75513073732827,16.1171648559384,5.95419243478888e-05,0.00106919919086509,"ZNF859P","unprocessed_pseudogene"
"ENSG00000216560",2.31507715505527,4.83154325214557,57.8204180103654,2.87173348879981e-14,6.99922305852722e-12,"LINC00955","lncRNA"
"ENSG00000218274",2.07428659949304,4.71615572141353,43.0685582837492,5.28548704833693e-11,5.43798634678075e-09,"AL121949.2","unprocessed_pseudogene"
"ENSG00000220583",-2.45554329071048,4.47026529930979,44.1238204426509,3.08246914434554e-11,3.36444806085437e-09,"RPL35P2","processed_pseudogene"
"ENSG00000221836",-2.03266122216762,4.04798754484595,17.6868160711309,2.60425370413098e-05,0.000532821393549341,"OR2A5","protein_coding"
"ENSG00000221867",-3.07264060381409,4.16257225721143,39.7706140944616,2.85610135348942e-10,2.48095392311414e-08,"MAGEA3","protein_coding"
"ENSG00000221986",-2.50671070041496,4.22954845484629,32.8302275426088,1.00568797454504e-08,5.77729769175714e-07,"MYBPHL","protein_coding"
"ENSG00000222022",-2.40780670996947,4.05031113759828,23.3451006130752,1.35387919789424e-06,4.29102104946969e-05,"AC112721.1","lncRNA"
"ENSG00000223392",-2.55430302863302,4.21537291170102,33.07115268855,8.88471754850032e-09,5.22346485568037e-07,"CLDN10-AS1","lncRNA"
"ENSG00000223492",-2.12203344156603,3.78787797112755,11.9479550103632,0.000547073940229002,0.00680225071595289,"AL391097.1","lncRNA"
"ENSG00000223650",-2.06841487273412,4.03090547690105,17.6815775831363,2.61143576263796e-05,0.000533647892823536,"UHRF2P1","processed_pseudogene"
"ENSG00000223812",-3.18025623035958,4.2446756014554,46.8519596566458,7.65565086400176e-12,9.8557671430718e-10,"AC073365.1","lncRNA"
"ENSG00000224007",-2.24332171376134,3.80753790850755,13.616694535869,0.000224183046148356,0.003273933211465,"USP12P2","processed_pseudogene"
"ENSG00000224099",-2.70158823872961,4.88097407469388,81.123246912563,2.1207056067027e-19,1.47883870974068e-16,"AC104823.1","lncRNA"
"ENSG00000224223",2.91036777727755,4.40123201339424,48.0768833200761,4.09829853839925e-12,5.56128035178243e-10,"VSTM2A-OT1","lncRNA"
"ENSG00000224821",-2.1459014117174,4.06224924551768,19.8123431842759,8.54292217089352e-06,0.000205837497471133,"COL4A2-AS2","lncRNA"
"ENSG00000224893",2.00411667990443,4.4542051673207,29.7947021099649,4.80302709004242e-08,2.32770641058736e-06,"LINC02840","lncRNA"
"ENSG00000224931",-2.0819718198948,3.70251599728557,11.368229134622,0.000747110746805761,0.0088141037411226,"AC152010.1","processed_pseudogene"
"ENSG00000224958",2.42122384032258,4.96148532568176,70.7591028762137,4.03617863984839e-17,1.63426175120571e-14,"PGM5-AS1","lncRNA"
"ENSG00000225017",-2.0235393558894,3.9549253658363,14.8935866902856,0.000113749039764114,0.00186637640146296,"AP004289.1","processed_pseudogene"
"ENSG00000225087",-2.70342583779359,4.04865052277821,27.7835174222855,1.35677110306761e-07,5.77294606295074e-06,"AL583808.1","lncRNA"
"ENSG00000225210",-2.07256707396758,4.45283825601631,33.1365340419098,8.59092750706373e-09,5.06259728021896e-07,"DUXAP9","transcribed_processed_pseudogene"
"ENSG00000225366",-2.02996235214615,4.27705969080878,25.2410959297437,5.05925965377384e-07,1.79136324891874e-05,"TDGF1P3","transcribed_processed_pseudogene"
"ENSG00000225496",-2.29341901724889,4.13198846485831,24.690148333161,6.73274538710572e-07,2.30270899452183e-05,"RTRAFP1","processed_pseudogene"
"ENSG00000225572",-2.216852418878,3.92733035385351,16.4979492311255,4.8702723352941e-05,0.00090231230040755,"DOCK4-AS1","lncRNA"
"ENSG00000225727",-2.99479641000079,3.96423507086457,28.2429535910792,1.07003454196503e-07,4.75436232592747e-06,"AL139184.1","transcribed_processed_pseudogene"
"ENSG00000225826",-2.53274334593768,4.00257144402177,23.3109328338738,1.37814413688195e-06,4.35181514619931e-05,"LINC00626","lncRNA"
"ENSG00000226235",-2.18177649984633,4.2244736593671,26.275409528905,2.96034099694766e-07,1.11922289740021e-05,"LEMD1-AS1","lncRNA"
"ENSG00000226320",-2.62420917860627,4.86180579427731,76.3124006585335,2.42158455414542e-18,1.33090125477414e-15,"LINC01811","lncRNA"
"ENSG00000226629",2.27373542744074,5.06942051427677,71.9329573344842,2.22634316734741e-17,9.80528401282269e-15,"LINC00974","lncRNA"
"ENSG00000227016",-2.33095156412519,3.82262392296497,14.9244996019247,0.000111900314102914,0.00184206261327184,"LINC02796","lncRNA"
"ENSG00000227248",-2.64559495584909,3.78063539992845,18.4822147411648,1.71497232244635e-05,0.000371143665368044,"FAM155A-IT1","lncRNA"
"ENSG00000227300",-2.77097779520321,3.80182828349317,20.4795678050599,6.02712196488984e-06,0.000153765111592068,"KRT16P2","transcribed_unprocessed_pseudogene"
"ENSG00000227597",-2.98594473884161,3.96199627668435,28.018488830208,1.20161890486488e-07,5.23705572703611e-06,"WASF1P1","processed_pseudogene"
"ENSG00000227674",-2.78436272237517,4.01553108595497,27.5059522822268,1.56611770912855e-07,6.50143293155205e-06,"LINC00355","lncRNA"
"ENSG00000227964",-2.37985193632183,4.14650653238,26.7627613856088,2.30027605008768e-07,9.03695304560267e-06,"LINC01429","lncRNA"
"ENSG00000228166",-2.12231503475312,3.78792187960386,11.9516706634685,0.000545984017116095,0.00679543022592089,"MTND1P11","unprocessed_pseudogene"
"ENSG00000228358",-3.32705380187359,4.18352334096338,45.5534949261138,1.48526429794855e-11,1.78402272419619e-09,"LINC02263","lncRNA"
"ENSG00000228411",-2.36365034155864,3.73827916997108,14.5772440343971,0.000134529355603616,0.00213883783601848,"CDY4P","processed_pseudogene"
"ENSG00000228437",-2.62514724843713,4.0633752113533,27.231551055184,1.80489143396098e-07,7.35551859710332e-06,"LINC02474","lncRNA"
"ENSG00000228496",-2.19035150323788,3.87746324053724,14.7621442055642,0.000121959475418575,0.00197910192043174,"AC106875.1","lncRNA"
"ENSG00000228680",-2.45985495722318,3.75194734171815,15.8248873335941,6.94825595653976e-05,0.00122320489153558,"AC004692.2","lncRNA"
"ENSG00000228705",-2.54616520159138,4.98163572680749,82.7724247334241,9.20654071580894e-20,7.22253119155211e-17,"LINC00659","lncRNA"
"ENSG00000228714",-2.23663653859321,3.88670612601535,15.5515436960423,8.02860652589989e-05,0.00138376680380179,"AL691420.1","lncRNA"
"ENSG00000228742",-3.17627375190365,4.81529386882679,93.6298606402677,3.80405094612185e-22,5.96855593446518e-19,"LINC02577","lncRNA"
"ENSG00000229105",-2.53031961494881,3.85987734805793,18.2500467926153,1.93721190244463e-05,0.000411784653674599,"ASTN2-AS1","lncRNA"
"ENSG00000229695",-2.17592520380613,3.79644257681516,12.6698613107231,0.000371597095123773,0.00497789406402732,"AC011242.1","processed_pseudogene"
"ENSG00000229775",-2.11382039477952,3.78659606162098,11.8406343580803,0.000579520803472493,0.00713501238370449,"LINC02624","lncRNA"
"ENSG00000229794",-2.53913490036484,3.76381134701861,16.9174066852927,3.90419209700114e-05,0.000748928696433464,"MTCYBP32","processed_pseudogene"
"ENSG00000229814",-2.51305596778426,4.27327543124065,35.0956930102451,3.13894290673883e-09,2.09574528539286e-07,"RPL35AP21","processed_pseudogene"
"ENSG00000229970",-2.15359413269572,4.83565262763133,55.1327945031273,1.12655500593129e-13,2.35675307240825e-11,"AC007128.1","lncRNA"
"ENSG00000230316",-3.40677636559484,4.76362080887859,96.32779051306,9.73538749484393e-23,2.03664306392135e-19,"FEZF1-AS1","lncRNA"
"ENSG00000230356",-2.32596279808636,4.48268549044004,41.2875338378086,1.31404252593669e-10,1.21725917236585e-08,"NCAPD2P1","processed_pseudogene"
"ENSG00000230838",-2.97134709230411,4.48774056631317,59.0305443032639,1.55243350145739e-14,4.01776191964807e-12,"LINC01614","lncRNA"
"ENSG00000231163",-2.6043036406177,3.77398561977797,17.8615767291927,2.37569589975497e-05,0.000492074833889842,"CSMD2-AS1","lncRNA"
"ENSG00000231172",-4.19935853767897,4.55224696127321,95.0399367676521,1.86582855116187e-22,3.12265066322451e-19,"AC007099.1","lncRNA"
"ENSG00000231990",-2.62252716545468,3.97352848887063,23.4213460432247,1.3012656052362e-06,4.13505971567714e-05,"AL442224.1","lncRNA"
"ENSG00000232679",-3.7966967526267,4.44848937654769,75.6677560584188,3.35644081881651e-18,1.79276787905468e-15,"LINC01705","lncRNA"
"ENSG00000232684",-2.07762136833433,3.99499241811581,16.7297310593122,4.31002501338444e-05,0.000815979396199117,"ATP11A-AS1","lncRNA"
"ENSG00000232906",-2.6878581014183,3.89238533487888,21.2584333852264,4.01340688700099e-06,0.000107412117794534,"AC092685.1","processed_pseudogene"
"ENSG00000233221",-2.64720648627512,4.20175232560564,34.1665186403401,5.0591954690903e-09,3.15151471603084e-07,"AC133785.1","lncRNA"
"ENSG00000233532",-3.76252127041471,4.61289458009219,91.0100831860115,1.42941847273779e-21,1.99356229664498e-18,"LINC00460","lncRNA"
"ENSG00000233542",-2.55275026950673,4.41194199671494,43.3646446402252,4.5432324536217e-11,4.73250238654436e-09,"AL391845.2","lncRNA"
"ENSG00000233716",-2.39337005527904,3.83383969640871,15.9115832047869,6.63712777511363e-05,0.0011758536038564,"MTFR2P1","processed_pseudogene"
"ENSG00000233993",-2.10281470576553,3.86062144785501,13.3495067331666,0.000258490606578781,0.00368492230979768,"DTD1-AS1","lncRNA"
"ENSG00000234685",2.3476990383645,4.49810767307176,40.2130095501768,2.27726670725927e-10,2.00591240066795e-08,"NUS1P2","processed_pseudogene"
"ENSG00000234886",-2.05922420323943,3.77823063255529,11.1445593660949,0.000842784897280062,0.00975439006976426,"MTND5P26","processed_pseudogene"
"ENSG00000234929",-3.05799414857381,4.35402592237756,51.664496507612,6.58426863580209e-13,1.1399412402288e-10,"AC018685.2","lncRNA"
"ENSG00000235140",2.70614019147844,4.52131274121671,50.6943810259217,1.07928106823618e-12,1.72574980490453e-10,"AC026391.1","lncRNA"
"ENSG00000235834",-2.02000007262462,3.84543422206138,12.1052163849331,0.000502809614219862,0.00634298118360573,"Z93022.1","lncRNA"
"ENSG00000236065",-2.46145251156313,3.89899501603386,18.6269812483562,1.58954894961939e-05,0.000346389208604558,"AL020995.1","lncRNA"
"ENSG00000236452",-2.55912429764878,4.66368352456832,59.1731162694238,1.44393106251948e-14,3.83382259234975e-12,"AC123023.1","lncRNA"
"ENSG00000237074",-2.32374637249139,3.87072401158182,16.1127753524886,5.96800866341807e-05,0.00107091414929555,"AL596218.1","lncRNA"
"ENSG00000237077",-3.0341555754152,4.34443555857411,50.4853740602439,1.20056194562078e-12,1.89552874734994e-10,"RPL38P2","transcribed_processed_pseudogene"
"ENSG00000237170",-2.32273437251463,4.19682913962813,27.8332591953988,1.32233288565167e-07,5.64555183016999e-06,"RPS7P15","processed_pseudogene"
"ENSG00000237179",2.35655142965449,4.18264037939703,26.291629923919,2.9355817617347e-07,1.11153611684145e-05,"LINC01797","lncRNA"
"ENSG00000237412",-3.1795110729773,4.30553179015053,50.9331799284099,9.55644255329195e-13,1.57832193327527e-10,"PRSS56","protein_coding"
"ENSG00000237704",-2.32568226262204,3.82169538344448,14.8432908693013,0.000116822884756688,0.00190808178199863,"AP004289.2","processed_pseudogene"
"ENSG00000238042",-3.98693402668383,4.10255441819611,52.2236243920324,4.95267059183004e-13,9.14204724538981e-11,"LINC02257","lncRNA"
"ENSG00000239268",2.10089746122501,4.1989792416475,22.5505385852161,2.04687138811547e-06,6.11722134848222e-05,"AC092691.1","lncRNA"
"ENSG00000240893",-2.08885445105339,3.90028917477704,14.2081151291335,0.000163663173782721,0.00251136938547764,"LINC02042","lncRNA"
"ENSG00000240972",-2.9846424755836,4.28716493238216,45.6948959912789,1.38182358238703e-11,1.66775476981942e-09,"MIF","protein_coding"
"ENSG00000241119",2.02221716278497,4.43974334373915,29.6685254511211,5.12603938675244e-08,2.46521250507727e-06,"UGT1A9","protein_coding"
"ENSG00000241794",-2.61341923436713,4.21552456726536,34.2163828345763,4.93120640872491e-09,3.08710737368155e-07,"SPRR2A","protein_coding"
"ENSG00000242575",-3.06302552022445,4.42228031500482,56.5828250164903,5.38804004942024e-14,1.19700316283757e-11,"TUBAP13","transcribed_processed_pseudogene"
"ENSG00000242634",-2.50184601245984,4.19777746297938,31.234566010707,2.28658169132593e-08,1.20340349641606e-06,"RPS24P16","processed_pseudogene"
"ENSG00000243508",-2.3972520871035,3.96875876269952,20.1717809435863,7.07895617839599e-06,0.000175602881326535,"DNAJB6P7","processed_pseudogene"
"ENSG00000243694",-3.64242748867407,3.99757697787136,40.383393567657,2.08707530175757e-10,1.85701182126754e-08,"LINC02027","lncRNA"
"ENSG00000243832",2.03397150422938,4.80865078036656,46.2555070935208,1.037943973123e-11,1.28675965586826e-09,"LINC02000","lncRNA"
"ENSG00000243944",-3.18420766164188,4.20105950547865,44.1151150106824,3.09620845455997e-11,3.3648145906179e-09,"AC117386.2","lncRNA"
"ENSG00000244342",-2.20014222651254,4.22023920878547,26.4626006845285,2.68690037872677e-07,1.03453906606682e-05,"LINC00698","lncRNA"
"ENSG00000245870",2.7779472379814,4.75968665674369,69.1591698888746,9.08290767238425e-17,3.45480779102325e-14,"LINC00682","lncRNA"
"ENSG00000247381",-2.66293618813727,4.59658708416417,57.9367703854319,2.70679853441716e-14,6.66190886353022e-12,"PLUT","lncRNA"
"ENSG00000248458",-2.60037304498766,4.05634974895028,26.5399064367289,2.58149961298916e-07,9.98551098374112e-06,"AL139147.1","lncRNA"
"ENSG00000248515",-3.41915560635115,3.93849807229783,34.0890930029184,5.26455297264798e-09,3.23101451219823e-07,"AC024230.1","lncRNA"
"ENSG00000248572",-2.43844851398485,3.74883808301555,15.5400383888043,8.07761564804779e-05,0.00138700727242539,"EGFLAM-AS2","lncRNA"
"ENSG00000248767",2.09095423247591,4.38908131916702,29.2744068155262,6.28199500442452e-08,2.94222392893793e-06,"FOXL3","protein_coding"
"ENSG00000249001",-3.12772495857284,4.11672729763943,38.0526857371597,6.88598597189087e-10,5.52286874882902e-08,"AC093895.1","lncRNA"
"ENSG00000249162",-3.31970059217185,4.05377433329933,37.5765804052946,8.78934730138913e-10,6.74763836862607e-08,"ADAM20P3","processed_pseudogene"
"ENSG00000249175",-2.21908575548651,3.80349806914054,13.2704506421239,0.000269622385534462,0.00380686184840108,"AC008534.1","lncRNA"
"ENSG00000249378",-2.27696169485089,4.11552866297844,23.7805435495128,1.0796834669279e-06,3.51548297714111e-05,"LINC01060","lncRNA"
"ENSG00000249509",-2.55012994516688,3.95584848742385,21.7547685102404,3.09818840418969e-06,8.65149295870724e-05,"NEUROG2-AS1","lncRNA"
"ENSG00000249550",-2.69458460600686,4.78531359216823,72.9598613760741,1.32313551988545e-17,6.26716869645365e-15,"LINC01234","lncRNA"
"ENSG00000249650",-2.1498815674661,4.17899653026451,23.9610677930981,9.83035434598829e-07,3.2343540694848e-05,"AC106772.1","lncRNA"
"ENSG00000249713",-2.01681730638683,3.91430175618625,13.7387734707159,0.000210072628221257,0.00309124458315734,"AC026725.1","lncRNA"
"ENSG00000249797",2.54270893533895,4.30066041050661,34.8835528821025,3.50025199241311e-09,2.28828974004007e-07,"LINC02147","lncRNA"
"ENSG00000249937",-3.10713166009554,4.2776344383286,47.5783591606907,5.28486770848428e-12,7.01964650549151e-10,"LINC02223","lncRNA"
"ENSG00000249942",-3.12191998801747,4.32429425189614,51.0166650162791,9.15850977106057e-13,1.52261741253447e-10,"AC239584.1","lncRNA"
"ENSG00000250250",-2.1012674456107,3.78464901228804,11.677888358858,0.000632472758245201,0.00768163517148968,"CTD-2350J17.1","lncRNA"
"ENSG00000250538",2.8214962809725,4.50021351231242,52.2679707618272,4.84207930534842e-13,9.00411547270125e-11,"AC104407.1","lncRNA"
"ENSG00000250641",-3.51244585144662,4.49185729689629,73.0652057161315,1.2543647391646e-17,6.17442596313492e-15,"LY6G6F-LY6G6D","protein_coding"
"ENSG00000250961",2.61349966674933,4.53754539416192,49.2728580808175,2.22722894404696e-12,3.26972838662893e-10,"AC025470.2","lncRNA"
"ENSG00000251026",-5.16028012574729,4.60309306537867,122.195137770192,2.09214560442245e-28,1.7507074417807e-24,"LINC02163","lncRNA"
"ENSG00000251095",-2.21280631460331,4.61418442688233,44.8498123998876,2.12741252205904e-11,2.46113197943642e-09,"AC093866.1","lncRNA"
"ENSG00000251138",-3.01849899700636,4.0826841901243,34.394692443598,4.49948615191538e-09,2.86688071973816e-07,"LINC02882","lncRNA"
"ENSG00000251574",-2.30573474817737,4.05343947561895,21.9178038705302,2.84581406449169e-06,8.033222888489e-05,"AC099520.1","lncRNA"
"ENSG00000253339",-4.05778593183467,4.12634957983012,55.0293433906243,1.18743745594074e-13,2.46358924743276e-11,"AC111149.2","lncRNA"
"ENSG00000253363",-2.97970697534797,3.96042475471542,27.8611863263342,1.30338321583067e-07,5.58364031573605e-06,"AC090809.1","lncRNA"
"ENSG00000253563",-3.45056025008691,3.94640541007946,34.916645706592,3.44126237897695e-09,2.2555992366015e-07,"NKX2-1-AS1","lncRNA"
"ENSG00000253762",2.44208943713404,4.05265744051095,22.6205060995589,1.97366789294922e-06,5.91958886315378e-05,"AC069133.1","lncRNA"
"ENSG00000254139",2.14702185666584,4.33150810984132,28.2311796012853,1.07656319369391e-07,4.76649778033366e-06,"AC104051.2","lncRNA"
"ENSG00000254237",2.04661488075074,4.3082771202392,25.3464924840834,4.79022617674709e-07,1.71791197058656e-05,"AC021242.2","lncRNA"
"ENSG00000254270",-2.01929791137653,4.28243081763626,25.216924432904,5.12306490417837e-07,1.8088526210196e-05,"ERHP1","processed_pseudogene"
"ENSG00000255345",-2.49556258722699,3.75722224788938,16.3095446577206,5.37923218329771e-05,0.000983541476544105,"AP002957.1","lncRNA"
"ENSG00000255552",-2.75948021364893,4.19138169910979,35.7301070240977,2.26634365831487e-09,1.57166550271647e-07,"LY6G6E","protein_coding"
"ENSG00000255666",-2.06434482778565,4.02986960724336,17.5925217530852,2.73662386935816e-05,0.000555377571676373,"LINC02700","lncRNA"
"ENSG00000255986",2.14104539543593,4.5347167910818,36.5733813663155,1.47025780215863e-09,1.08114548525031e-07,"MT1JP","transcribed_unprocessed_pseudogene"
"ENSG00000256120",-2.39366289417767,3.83389343927207,15.9162875428413,6.62065173850663e-05,0.00117376300313185,"SOX5-AS1","lncRNA"
"ENSG00000256193",2.00629582234498,4.81377118693576,45.5148823052098,1.51483449168152e-11,1.81087643234156e-09,"LINC00507","lncRNA"
"ENSG00000256463",-2.3220106641879,3.90438703850181,17.088517219203,3.56773658768446e-05,0.000690550958344107,"SALL3","protein_coding"
"ENSG00000256916",-3.07270763915774,4.32119013443721,49.7581299858675,1.73916037521811e-12,2.61699527166395e-10,"AP000851.1","lncRNA"
"ENSG00000257277",2.00662804271662,5.04789804050088,58.0801500137817,2.51652821406318e-14,6.31749242858421e-12,"AC092652.1","lncRNA"
"ENSG00000257588",-3.03324822827902,4.51553836883321,62.7596984206236,2.33528811883326e-15,7.51603499169103e-13,"AC025154.2","lncRNA"
"ENSG00000257671",-2.53064799934831,4.34836253692879,39.3484694521385,3.54530653470071e-10,2.97663462364972e-08,"KRT7-AS","lncRNA"
"ENSG00000257893",-2.3247792723048,3.90497421564555,17.1402330963767,3.4719007974575e-05,0.000676697186485816,"LINC02404","lncRNA"
"ENSG00000258077",-2.69679812445067,4.25194862367815,37.7557907721918,8.01783581119387e-10,6.28999219388159e-08,"AC078923.1","lncRNA"
"ENSG00000258116",-2.40791253007769,4.32911371362381,35.5766517854347,2.45209040622121e-09,1.69113399884003e-07,"PPIAP45","processed_pseudogene"
"ENSG00000258162",-2.36505536907192,3.91361971748092,17.9048865236438,2.32224090456356e-05,0.000483395818143978,"AC069228.1","lncRNA"
"ENSG00000258212",-2.41389858215925,3.8376160529762,16.2467111745555,5.56060352469002e-05,0.00101081383695741,"ZNF75BP","processed_pseudogene"
"ENSG00000258551",-2.29389263753321,4.37172889271455,34.9891468670877,3.31548178358129e-09,2.19031196565855e-07,"CRAT37","lncRNA"
"ENSG00000259135",4.23522267864658,4.22481514703738,60.8156243299035,6.26784814662086e-15,1.82962860317174e-12,"AL445363.2","lncRNA"
"ENSG00000259237",3.21354209766589,4.80758371654653,87.525917789629,8.31826207589091e-21,8.70090213138189e-18,"LINC02490","lncRNA"
"ENSG00000259379",-2.27414077082131,3.89437129891766,16.2135216589544,5.65887575581066e-05,0.00102644809952219,"MTND5P32","processed_pseudogene"
"ENSG00000259564",-2.3382972782866,3.82392325583915,15.0382145202852,0.000105356082373533,0.00174924543115422,"AC009554.1","lncRNA"
"ENSG00000259600",-3.14004851518872,3.87368845133213,27.4745226454132,1.59177647570982e-07,6.59405225185136e-06,"AC066616.2","processed_pseudogene"
"ENSG00000259671",-2.40633183753775,3.83621918569958,16.1225296640058,5.93735005002574e-05,0.00106693797892517,"MTCYBP23","processed_pseudogene"
"ENSG00000259672",2.29178512601817,4.32143354152384,30.7843061578433,2.88360542290057e-08,1.48644826563646e-06,"AC087612.1","lncRNA"
"ENSG00000260029",-2.66436986985691,3.98405538851494,24.4286291223799,7.71141807496468e-07,2.60548370597461e-05,"AC007608.2","lncRNA"
"ENSG00000260062",-2.09218072614569,3.78324837471883,11.5611025240423,0.000673459077092192,0.0081047539172207,"GOLGA2P11","transcribed_unprocessed_pseudogene"
"ENSG00000260476",-3.47122210088282,4.10068128283329,42.7445909515129,6.23741189785198e-11,6.33001684205476e-09,"AC104794.4","lncRNA"
"ENSG00000260573",-2.91301765389661,4.7444367086586,77.5826040199447,1.27286253416573e-18,7.43114908318523e-16,"AC007493.1","lncRNA"
"ENSG00000260585",-2.51498444037384,3.94750538304863,20.9793979164271,4.64248894251138e-06,0.000121401085846673,"AL359851.1","lncRNA"
"ENSG00000260604",-2.1445120867275,4.59122795730638,41.5382800944895,1.15585333463428e-10,1.09911144366132e-08,"AL590004.3","lncRNA"
"ENSG00000260695",-3.19956445104708,3.88670893055316,28.7797686525814,8.10938125880401e-08,3.67469146427827e-06,"AC022164.1","lncRNA"
"ENSG00000261292",3.03499937989997,4.38447504506257,49.6796936280572,1.81009710128758e-12,2.704802239924e-10,"AC110491.1","lncRNA"
"ENSG00000261761",2.26864541426392,4.71009138456045,49.0860286936887,2.44978915293814e-12,3.5344544192735e-10,"LINC02616","lncRNA"
"ENSG00000261787",-2.55455961424018,4.47056323062941,46.7961008664848,7.87699751281842e-12,1.00889870184589e-09,"TCF24","protein_coding"
"ENSG00000261863",-2.11411585098392,4.39868501250288,31.8809631311646,1.63915780559816e-08,9.00424891722894e-07,"LINC01996","lncRNA"
"ENSG00000261873",-2.24118741544538,4.11650693623645,23.2254768297984,1.44075948303927e-06,4.52676170991462e-05,"SMIM36","protein_coding"
"ENSG00000262074",-2.62161180791686,4.02606638427687,25.5638847750139,4.27975217692453e-07,1.55708548767411e-05,"SNORD3B-2","snoRNA"
"ENSG00000262172",-2.07276818751426,4.29166388024499,26.6664044770522,2.41789195951078e-07,9.45463547532066e-06,"AC116025.2","lncRNA"
"ENSG00000262198",2.36074998892259,4.53914257725255,42.6443960469023,6.56522470638232e-11,6.59253604116087e-09,"AL157931.1","lncRNA"
"ENSG00000262543",2.2191719532033,4.68854183117172,46.3316923353103,9.98359905793172e-12,1.24690681965332e-09,"SMIM28","protein_coding"
"ENSG00000262768",-2.09523375571772,4.46177377672609,34.1118027772671,5.20346901820324e-09,3.22537990698702e-07,"AC100791.2","lncRNA"
"ENSG00000263146",-2.70360545261787,3.79025048630744,19.3847899357384,1.06854719473809e-05,0.000246778369610901,"LINC01896","lncRNA"
"ENSG00000263745",-2.32081746161063,4.54176680387052,44.2723228238295,2.85727507954508e-11,3.14601024547806e-09,"AP005230.1","lncRNA"
"ENSG00000264230",-2.53997520488437,3.86178950179427,18.4243083524259,1.76788285029656e-05,0.000380471530264806,"ANXA8L1","protein_coding"
"ENSG00000264596",-2.3611965187058,3.73794056766896,14.546514750991,0.000136741363992104,0.00216577615246548,"AP000897.1","lncRNA"
"ENSG00000265489",2.14392530119905,4.95072336899636,58.3541548328836,2.18933798691492e-14,5.55163038621336e-12,"AC005358.1","lncRNA"
"ENSG00000266127",-2.13977260725398,3.79066735621182,12.1822181631674,0.000482472371021394,0.00612644734553418,"ZNF415P1","processed_pseudogene"
"ENSG00000266965",-2.06020690217695,3.92341532612156,14.4882019383188,0.000141040128630586,0.00222124930310053,"AC090220.1","lncRNA"
"ENSG00000267073",-3.70870169325461,4.32910221167104,63.4105286825884,1.67818634099401e-15,5.47132336419659e-13,"AC005256.1","lncRNA"
"ENSG00000267774",2.76727633576122,4.20907704397075,34.5299587150711,4.19741019421223e-09,2.68805575294653e-07,"AC010776.2","lncRNA"
"ENSG00000267978",-2.10769452271025,3.78564404168546,11.7610226183021,0.000604839872539393,0.00740316926388538,"MAGEA9B","protein_coding"
"ENSG00000268621",-2.37795808475585,4.47181413347336,42.1236006560314,8.56828551270509e-11,8.40227498089643e-09,"IGFL2-AS1","lncRNA"
"ENSG00000268916",-2.35341579876139,3.82661464389234,15.2742508811261,9.29753086914346e-05,0.00157599739999309,"CSAG3","protein_coding"
"ENSG00000269189",-3.05427527216422,3.85565012194816,25.6858324477393,4.01765742309773e-07,1.46811167320881e-05,"AL445223.1","lncRNA"
"ENSG00000269506",-2.49678347026384,3.85331548637282,17.6545826323483,2.64876308000899e-05,0.00054016692413116,"AC110792.2","lncRNA"
"ENSG00000269729",-3.36729644347754,3.92572032021359,32.7614785345647,1.04189232661163e-08,5.97161300622337e-07,"AC006262.2","lncRNA"
"ENSG00000270832",-2.16480661305073,3.98778701456275,17.6807699184355,2.61254485452568e-05,0.000533647892823536,"AC092120.2","processed_pseudogene"
"ENSG00000270874",-2.01770559184815,3.84502367075178,12.0719352536194,0.000511865389431846,0.00643136573388241,"RPAP2P1","processed_pseudogene"
"ENSG00000270975",-2.1875053648235,4.25105586551634,27.4358364651688,1.62393858867595e-07,6.70515696219097e-06,"MAGOH3P","unprocessed_pseudogene"
"ENSG00000271216",-4.06471099444019,4.31888928766588,69.3981691328306,8.04633231598239e-17,3.10761733016034e-14,"LINC01050","lncRNA"
"ENSG00000271820",2.2077122890002,4.35424657050985,30.4070122145542,3.50259728628159e-08,1.76597115907421e-06,"AL109910.2","lncRNA"
"ENSG00000272328",-2.81711725392247,4.2614371534807,40.7158554222964,1.76052892488376e-10,1.60131587428558e-08,"AC007128.2","lncRNA"
"ENSG00000272383",-2.37490414828384,3.73983780239321,14.7189461994681,0.000124786033908623,0.00201584851688679,"AC006270.2","processed_pseudogene"
"ENSG00000272477",-2.82620326185602,3.81165731034219,21.4158460235624,3.69703063089317e-06,0.00010022705934983,"AC144521.1","lncRNA"
"ENSG00000274238",-2.08942714834028,3.92967519204547,15.0092285055523,0.000106986708866818,0.00176974029181039,"AC097478.1","lncRNA"
"ENSG00000275139",-2.05046837712292,3.85093910905499,12.5529086934826,0.000395590065432494,0.00523505166189632,"AL133492.1","lncRNA"
"ENSG00000276122",-3.64760556713979,4.38246905853383,66.6195051294267,3.29311451847311e-16,1.19812096915578e-13,"AC026336.3","lncRNA"
"ENSG00000277128",-2.1229210062031,4.09257877410719,20.470532020507,6.05564286710135e-06,0.000154335896990571,"AL589743.3","lncRNA"
"ENSG00000278275",-2.31915188091589,3.98247336320712,19.5930995780703,9.5814627953286e-06,0.000225429280237984,"AC103705.1","transcribed_processed_pseudogene"
"ENSG00000278909",-2.57834628522838,4.44784691878239,46.0856529686266,1.13194352367989e-11,1.38616147407121e-09,"AC007608.4","TEC"
"ENSG00000279193",-2.79919364205746,4.21962797884732,38.0060901192647,7.05241503503215e-10,5.63833844074672e-08,"AC026336.4","TEC"
"ENSG00000279324",-2.80980139018244,3.80870562539145,21.1340504220457,4.28250654236946e-06,0.000113285610368433,"AL645730.1","TEC"
"ENSG00000279439",-2.07189702555064,3.78014857454415,11.303451725819,0.000773631330426657,0.00907958902245479,"AC105114.1","TEC"
"ENSG00000279668",2.25556609560833,4.6424772180205,45.0396176066423,1.93088269446011e-11,2.25455251915008e-09,"AC024610.2","lncRNA"
"ENSG00000279712",-2.57993240334864,3.96304550906178,22.4292439911443,2.18028890676686e-06,6.43172417338133e-05,"FP325330.3","lncRNA"
"ENSG00000279774",-2.04781163773283,4.34427540246662,28.1365479432268,1.13050699307829e-07,4.97899079898901e-06,"AL590483.3","TEC"
"ENSG00000280036",-2.40265991527644,3.83554319802496,16.062586384774,6.12829224484931e-05,0.00109615017729166,"AC020661.4","lncRNA"
"ENSG00000280323",2.19024797677868,4.76695420058692,49.5812530807291,1.9032368751027e-12,2.82715139127682e-10,"AC053503.5","TEC"
"ENSG00000280409",-3.19288235224639,4.24935684967919,47.4034866047198,5.7779823390237e-12,7.63423519151847e-10,"LINC01101","TEC"
"ENSG00000280837",-2.88167645991376,3.82184544243104,22.3931447655268,2.22165579770573e-06,6.51547279738373e-05,"CPS1-IT1","lncRNA"
"ENSG00000281327",-2.56205710631394,4.12764723839518,29.0836612248336,6.93191340332635e-08,3.19300466196522e-06,"LINC01338","lncRNA"
"ENSG00000281880",2.34715567740043,4.30197922483171,31.0650122493149,2.49528915102971e-08,1.30503622598854e-06,"PAUPAR","lncRNA"
"ENSG00000283286",2.15409629784442,4.77608101364048,48.8189452922199,2.80715112688496e-12,4.0040182891659e-10,"AC093277.1","lncRNA"
"ENSG00000283365",3.27443068406012,4.21388895427946,43.4567812847214,4.334270276428e-11,4.55261594223634e-09,"AC007603.3","unitary_pseudogene"
"ENSG00000283599",-2.21733925810669,3.80320913670906,13.2457516822617,0.000273198333589324,0.00384437834440942,"BX276092.9","protein_coding"
"ENSG00000283689",-2.49376391788833,4.12009766186416,27.590730127379,1.49895419202469e-07,6.28897338748075e-06,"AC018553.2","lncRNA"
"ENSG00000284138",-2.25057555428223,4.10783136662855,23.0574592800318,1.57231309393814e-06,4.87902940793857e-05,"ATP6V0CP4","processed_pseudogene"
"ENSG00000285294",2.31610384561493,4.55374588205541,42.1915556622311,8.27565889348464e-11,8.17921814417474e-09,"LINC00842","lncRNA"
"ENSG00000285612",-2.09680310332117,3.78395980742858,11.6204280145317,0.000652313883097122,0.00789189769699766,"AC004974.1","lncRNA"
"ENSG00000286042",-3.3066721875341,4.32824820866758,55.1899084175984,1.09429127602256e-13,2.34160181653851e-11,"LCAL1","lncRNA"
"ENSG00000286048",-2.28973571162703,4.13088376875139,24.5846699794694,7.11152372388787e-07,2.42564798321306e-05,"AC008966.3","lncRNA"
"ENSG00000286051",-2.65963460755225,3.78293282648336,18.6973612778568,1.53194338631706e-05,0.000335583828709454,"AC244102.3","lncRNA"
"ENSG00000286076",-2.03436839285495,3.93977600791298,14.6169797459447,0.000131722350249813,0.00210621521061866,"AC005050.3","lncRNA"
"ENSG00000286133",-2.83553197880519,4.23242835846503,39.4246436165145,3.40966605742553e-10,2.88202884530675e-08,"AC093817.2","lncRNA"
"ENSG00000286163",-2.75808371144378,3.79957770570681,20.2660688516734,6.73851054273163e-06,0.000169471770062743,"AC002377.1","lncRNA"
"ENSG00000286180",-2.09704261216168,4.34044225071203,29.0895787893178,6.91077231585627e-08,3.18911816575838e-06,"AC073140.2","lncRNA"
"ENSG00000286266",-2.15672148521907,4.24076046218744,26.4204630954389,2.74615734608243e-07,1.05412131523017e-05,"AC104370.1","lncRNA"
"ENSG00000286324",-3.172381360281,4.13116087567363,39.6371622039175,3.05808364121901e-10,2.63814885667223e-08,"AL033381.3","lncRNA"
"ENSG00000286370",-3.21280852373484,3.88966382292647,29.0776068793484,6.95361022194359e-08,3.19713243611121e-06,"AC064856.1","lncRNA"
"ENSG00000286411",-2.04535215616948,3.85000826028514,12.4768881207481,0.000412017990059134,0.00539275267072184,"AC002458.1","lncRNA"
"ENSG00000286480",-2.67261829595596,4.21039034324399,35.089343007346,3.14919549350307e-09,2.0970133599178e-07,"AC009501.2","lncRNA"
"ENSG00000286486",-2.31601524940719,4.66087076711039,50.8254996222243,1.00953596191383e-12,1.65078646977076e-10,"AL590483.4","lncRNA"
"ENSG00000286500",-2.55673403162211,4.1260098254647,28.9188200160646,7.5476004508787e-08,3.44499930397925e-06,"AL512643.2","lncRNA"
"ENSG00000286519",-2.1805004621334,4.3064058833952,29.540506471725,5.47602152855702e-08,2.6134989439714e-06,"AC009236.1","lncRNA"
"ENSG00000286540",-2.32757662411331,4.19840092892526,27.9898161855687,1.21955575368541e-07,5.2785737311239e-06,"AL096854.1","lncRNA"
"ENSG00000286765",2.62970123604965,4.10799222900448,27.5853868819147,1.50310071402504e-07,6.28897338748075e-06,"AP005899.2","lncRNA"
"ENSG00000286947",-2.07726457155916,3.78096523343384,11.3712346569392,0.000745902796554576,0.00880768758452778,"AC022467.2","lncRNA"
"ENSG00000286954",-2.29978461304228,4.05182690175026,21.7689860617829,3.07531366809178e-06,8.59717976879467e-05,"AL033539.2","lncRNA"
"ENSG00000286959",-2.14797840439689,4.13664705169174,22.3993486879285,2.21449096907116e-06,6.50966993999559e-05,"AC104383.1","lncRNA"
"ENSG00000286976",-2.02924436874355,3.88833080257358,13.2242895072053,0.000276344456724171,0.00388212156776922,"AC084335.1","lncRNA"
"ENSG00000287000",2.42611240016179,4.28208113055268,31.7386414798407,1.76377770932725e-08,9.62562513368505e-07,"AC024651.3","lncRNA"
"ENSG00000287018",2.77452904763412,4.36326517374407,42.9114047540358,5.72757817876017e-11,5.8687805142692e-09,"AL161717.1","lncRNA"
"ENSG00000287158",-2.67328806350024,3.88925982089409,20.9649139769995,4.67772038880867e-06,0.000122195101603177,"AC117464.1","lncRNA"
"ENSG00000287171",-2.43575287695873,4.23445192611282,31.663211087368,1.83362976946941e-08,9.94199605459183e-07,"AC006062.1","lncRNA"
"ENSG00000287338",-2.24139850168404,4.68076084855912,49.4373514431242,2.04808790441339e-12,3.02442345602316e-10,"AL929091.1","lncRNA"
"ENSG00000287481",-2.16594377838307,4.20914005165843,25.3837242343394,4.69865713788603e-07,1.69232552065267e-05,"AL161663.1","lncRNA"
"ENSG00000287536",-2.33037626631533,3.73373118344877,14.1647511497067,0.000167478815650741,0.00256216304016003,"AC012500.1","lncRNA"
"ENSG00000287695",-2.23955571130078,3.88729705265121,15.602345513511,7.81575784983422e-05,0.00135315024180854,"AC008625.1","lncRNA"
"ENSG00000287796",-2.67007908305562,3.8885744740351,20.9007751826621,4.83698812355903e-06,0.000126093198186735,"AC016925.3","lncRNA"
"ENSG00000287806",-2.2643659964625,3.72497327589677,13.3740271073831,0.000255132940017103,0.00364949135395405,"AL135784.1","lncRNA"
"ENSG00000287886",-2.00352686199234,4.07610439685858,18.1046748145117,2.0908746489511e-05,0.000441086699052676,"AC005914.1","lncRNA"
"ENSG00000287901",2.5382188999721,4.38797788585836,39.1459545776205,3.93277299687172e-10,3.26915010971748e-08,"AL137026.3","lncRNA"
"ENSG00000287937",-2.10583261147227,4.19005885154156,23.5661383969743,1.20692867958546e-06,3.88805853645601e-05,"AC079753.2","lncRNA"
"ENSG00000288076",-2.70084311657056,3.7897852833016,19.3409852482404,1.09334182402653e-05,0.000251192197450574,"AC018398.2","lncRNA"
"ENSG00000288542",-2.17419358467513,3.79616317733862,12.646186918691,0.000376332465060726,0.00503059116234529,"AL133318.1","lncRNA"
"ENSG00000288571",-2.06501673787142,4.22054852226337,23.8995480652108,1.01495585688787e-06,3.33064729821086e-05,"AL442063.1","lncRNA"
"ENSG00000288615",-2.09233819495595,3.78327246270922,11.5631418914961,0.0006727208264086,0.00810363897608517,"AC034199.2","lncRNA"
